video_id,binary_label,processed_path,split_in_distribution
3Xd6PxEvbNk_3_00.mp4,1,e:\Rads\Datasets\processed\picek_sorted\trimmed\positive\real\3Xd6PxEvbNk_3_00.mp4,test
s80RaghtMRk_02.mp4,1,e:\Rads\Datasets\processed\picek_sorted\trimmed\positive\real\s80RaghtMRk_02.mp4,test
vtXjJLurYMY_00.mp4,1,e:\Rads\Datasets\processed\picek_sorted\trimmed\positive\real\vtXjJLurYMY_00.mp4,test
91JpOFnaiD4_00.mp4,1,e:\Rads\Datasets\processed\picek_sorted\trimmed\positive\real\91JpOFnaiD4_00.mp4,test
93SNo1CTA_w_00.mp4,1,e:\Rads\Datasets\processed\picek_sorted\trimmed\positive\real\93SNo1CTA_w_00.mp4,test
qfCt6R_rTMY_00.mp4,1,e:\Rads\Datasets\processed\picek_sorted\trimmed\positive\real\qfCt6R_rTMY_00.mp4,test
yS19DGEwcO4_00.mp4,1,e:\Rads\Datasets\processed\picek_sorted\trimmed\positive\real\yS19DGEwcO4_00.mp4,test
_Bm8NYVbTN4_00.mp4,1,e:\Rads\Datasets\processed\picek_sorted\trimmed\positive\real\_Bm8NYVbTN4_00.mp4,test
e17Wq4Hpqlk_01.mp4,1,e:\Rads\Datasets\processed\picek_sorted\trimmed\positive\real\e17Wq4Hpqlk_01.mp4,test
fy1ZkNZQhWA_00.mp4,1,e:\Rads\Datasets\processed\picek_sorted\trimmed\positive\real\fy1ZkNZQhWA_00.mp4,test
AuQz_-J2kzc_5_00.mp4,1,e:\Rads\Datasets\processed\picek_sorted\trimmed\positive\real\AuQz_-J2kzc_5_00.mp4,test
LVrfZ4HLlR4_00.mp4,1,e:\Rads\Datasets\processed\picek_sorted\trimmed\positive\real\LVrfZ4HLlR4_00.mp4,test
vqIPnFuQ22c_00.mp4,1,e:\Rads\Datasets\processed\picek_sorted\trimmed\positive\real\vqIPnFuQ22c_00.mp4,test
1_iNUkyy46E_00.mp4,1,e:\Rads\Datasets\processed\picek_sorted\trimmed\positive\real\1_iNUkyy46E_00.mp4,test
6nM9m2VkeYk_00.mp4,1,e:\Rads\Datasets\processed\picek_sorted\trimmed\positive\real\6nM9m2VkeYk_00.mp4,test
sckLwIfeCT4_00.mp4,1,e:\Rads\Datasets\processed\picek_sorted\trimmed\positive\real\sckLwIfeCT4_00.mp4,test
HFgLNfSjd6g_00.mp4,1,e:\Rads\Datasets\processed\picek_sorted\trimmed\positive\real\HFgLNfSjd6g_00.mp4,test
hSt-aJwZqsY_2_00.mp4,1,e:\Rads\Datasets\processed\picek_sorted\trimmed\positive\real\hSt-aJwZqsY_2_00.mp4,test
UCNyjybsbiU_00.mp4,1,e:\Rads\Datasets\processed\picek_sorted\trimmed\positive\real\UCNyjybsbiU_00.mp4,test
3dIt2gBnS7o_00.mp4,1,e:\Rads\Datasets\processed\picek_sorted\trimmed\positive\real\3dIt2gBnS7o_00.mp4,test
6mVcTFd5TzI_12_00.mp4,1,e:\Rads\Datasets\processed\picek_sorted\trimmed\positive\real\6mVcTFd5TzI_12_00.mp4,test
q0ReAwAoB6c_00.mp4,1,e:\Rads\Datasets\processed\picek_sorted\trimmed\positive\real\q0ReAwAoB6c_00.mp4,test
OaB8oFL1uKY_00.mp4,1,e:\Rads\Datasets\processed\picek_sorted\trimmed\positive\real\OaB8oFL1uKY_00.mp4,test
udxjyNtNiV4_00.mp4,1,e:\Rads\Datasets\processed\picek_sorted\trimmed\positive\real\udxjyNtNiV4_00.mp4,test
3Gc1wi2Qp4g_00.mp4,1,e:\Rads\Datasets\processed\picek_sorted\trimmed\positive\real\3Gc1wi2Qp4g_00.mp4,test
RK-Btjd1oXs_00.mp4,1,e:\Rads\Datasets\processed\picek_sorted\trimmed\positive\real\RK-Btjd1oXs_00.mp4,test
QfHs3610Fw4_00.mp4,1,e:\Rads\Datasets\processed\picek_sorted\trimmed\positive\real\QfHs3610Fw4_00.mp4,test
wHixrZXgXRI_00.mp4,1,e:\Rads\Datasets\processed\picek_sorted\trimmed\positive\real\wHixrZXgXRI_00.mp4,test
ed96OpSybeQ_00.mp4,1,e:\Rads\Datasets\processed\picek_sorted\trimmed\positive\real\ed96OpSybeQ_00.mp4,test
DQ0vvyzJd3A_00.mp4,1,e:\Rads\Datasets\processed\picek_sorted\trimmed\positive\real\DQ0vvyzJd3A_00.mp4,test
mEEMZBZHIrc_00.mp4,1,e:\Rads\Datasets\processed\picek_sorted\trimmed\positive\real\mEEMZBZHIrc_00.mp4,test
oXMCX36zERc_00.mp4,1,e:\Rads\Datasets\processed\picek_sorted\trimmed\positive\real\oXMCX36zERc_00.mp4,test
luYrUPWqC5w_00.mp4,1,e:\Rads\Datasets\processed\picek_sorted\trimmed\positive\real\luYrUPWqC5w_00.mp4,test
kbpb8IGOAP0_00.mp4,1,e:\Rads\Datasets\processed\picek_sorted\trimmed\positive\real\kbpb8IGOAP0_00.mp4,test
ZFYfE3_Nz5o_00.mp4,1,e:\Rads\Datasets\processed\picek_sorted\trimmed\positive\real\ZFYfE3_Nz5o_00.mp4,test
bXaAw1730zE_0_00.mp4,1,e:\Rads\Datasets\processed\picek_sorted\trimmed\positive\real\bXaAw1730zE_0_00.mp4,test
R69Y-qYAuis_00.mp4,1,e:\Rads\Datasets\processed\picek_sorted\trimmed\positive\real\R69Y-qYAuis_00.mp4,test
fK5Y7gMh21c_00.mp4,1,e:\Rads\Datasets\processed\picek_sorted\trimmed\positive\real\fK5Y7gMh21c_00.mp4,test
xP_sW92sGh8_00.mp4,1,e:\Rads\Datasets\processed\picek_sorted\trimmed\positive\real\xP_sW92sGh8_00.mp4,test
v_i8N0-kt2w_00.mp4,1,e:\Rads\Datasets\processed\picek_sorted\trimmed\positive\real\v_i8N0-kt2w_00.mp4,test
Pv0z5OwmK-Y_00.mp4,1,e:\Rads\Datasets\processed\picek_sorted\trimmed\positive\real\Pv0z5OwmK-Y_00.mp4,test
6eUG-Pp36_s_00.mp4,1,e:\Rads\Datasets\processed\picek_sorted\trimmed\positive\real\6eUG-Pp36_s_00.mp4,test
a9U54ImNK2M_00.mp4,1,e:\Rads\Datasets\processed\picek_sorted\trimmed\positive\real\a9U54ImNK2M_00.mp4,test
6Xd4Xk76ylQ_00.mp4,1,e:\Rads\Datasets\processed\picek_sorted\trimmed\positive\real\6Xd4Xk76ylQ_00.mp4,test
T1WbCBVGCHg_8_00.mp4,1,e:\Rads\Datasets\processed\picek_sorted\trimmed\positive\real\T1WbCBVGCHg_8_00.mp4,test
LeRsK6lfpK8_00.mp4,1,e:\Rads\Datasets\processed\picek_sorted\trimmed\positive\real\LeRsK6lfpK8_00.mp4,test
mlkJl8ql03o_00.mp4,1,e:\Rads\Datasets\processed\picek_sorted\trimmed\positive\real\mlkJl8ql03o_00.mp4,test
qZlVsk7-fsk_00.mp4,1,e:\Rads\Datasets\processed\picek_sorted\trimmed\positive\real\qZlVsk7-fsk_00.mp4,test
r0IIrqV5xPo_00.mp4,1,e:\Rads\Datasets\processed\picek_sorted\trimmed\positive\real\r0IIrqV5xPo_00.mp4,test
1-xArHJFlAQ_00.mp4,1,e:\Rads\Datasets\processed\picek_sorted\trimmed\positive\real\1-xArHJFlAQ_00.mp4,test
4XYVvTuLGCg_00.mp4,1,e:\Rads\Datasets\processed\picek_sorted\trimmed\positive\real\4XYVvTuLGCg_00.mp4,test
iA_u73BG4ZM_00.mp4,1,e:\Rads\Datasets\processed\picek_sorted\trimmed\positive\real\iA_u73BG4ZM_00.mp4,test
YmMM4JeUJJ0_00.mp4,1,e:\Rads\Datasets\processed\picek_sorted\trimmed\positive\real\YmMM4JeUJJ0_00.mp4,test
BEBYF3xd0Lk_00.mp4,1,e:\Rads\Datasets\processed\picek_sorted\trimmed\positive\real\BEBYF3xd0Lk_00.mp4,test
rsB7TD2zW4A_00.mp4,1,e:\Rads\Datasets\processed\picek_sorted\trimmed\positive\real\rsB7TD2zW4A_00.mp4,test
R9u_i3M7YYA_00.mp4,1,e:\Rads\Datasets\processed\picek_sorted\trimmed\positive\real\R9u_i3M7YYA_00.mp4,test
nsHYg3ENgk4_5_00.mp4,1,e:\Rads\Datasets\processed\picek_sorted\trimmed\positive\real\nsHYg3ENgk4_5_00.mp4,test
9fKAb-gGLRM_0_00.mp4,1,e:\Rads\Datasets\processed\picek_sorted\trimmed\positive\real\9fKAb-gGLRM_0_00.mp4,test
lpeKVGzEaUk_00.mp4,1,e:\Rads\Datasets\processed\picek_sorted\trimmed\positive\real\lpeKVGzEaUk_00.mp4,test
GnpwLP2THmM_2_00.mp4,1,e:\Rads\Datasets\processed\picek_sorted\trimmed\positive\real\GnpwLP2THmM_2_00.mp4,test
UrmfisD-cpk_00.mp4,1,e:\Rads\Datasets\processed\picek_sorted\trimmed\positive\real\UrmfisD-cpk_00.mp4,test
mD8Lu8KAoYc_00.mp4,1,e:\Rads\Datasets\processed\picek_sorted\trimmed\positive\real\mD8Lu8KAoYc_00.mp4,test
DTPQZJzsoXY_00.mp4,1,e:\Rads\Datasets\processed\picek_sorted\trimmed\positive\real\DTPQZJzsoXY_00.mp4,test
pwc7SEk8BA4_00.mp4,1,e:\Rads\Datasets\processed\picek_sorted\trimmed\positive\real\pwc7SEk8BA4_00.mp4,test
iKpoAkiKqjw_00.mp4,1,e:\Rads\Datasets\processed\picek_sorted\trimmed\positive\real\iKpoAkiKqjw_00.mp4,test
Z52L6jGdSkY_11_00.mp4,1,e:\Rads\Datasets\processed\picek_sorted\trimmed\positive\real\Z52L6jGdSkY_11_00.mp4,test
video57_00.mp4,1,e:\Rads\Datasets\processed\picek_sorted\trimmed\positive\real\video57_00.mp4,test
OlkuOuXVfQ8_00.mp4,1,e:\Rads\Datasets\processed\picek_sorted\trimmed\positive\real\OlkuOuXVfQ8_00.mp4,test
Vtp5G_Z5BZQ_01.mp4,1,e:\Rads\Datasets\processed\picek_sorted\trimmed\positive\real\Vtp5G_Z5BZQ_01.mp4,test
xrQ3mx08clM_00.mp4,1,e:\Rads\Datasets\processed\picek_sorted\trimmed\positive\real\xrQ3mx08clM_00.mp4,test
xpVTZU4KeZA_00.mp4,1,e:\Rads\Datasets\processed\picek_sorted\trimmed\positive\real\xpVTZU4KeZA_00.mp4,test
xApGBKUGoR4_00.mp4,1,e:\Rads\Datasets\processed\picek_sorted\trimmed\positive\real\xApGBKUGoR4_00.mp4,test
yQz3PyPvr5Y_00.mp4,1,e:\Rads\Datasets\processed\picek_sorted\trimmed\positive\real\yQz3PyPvr5Y_00.mp4,test
GnpwLP2THmM_0_00.mp4,1,e:\Rads\Datasets\processed\picek_sorted\trimmed\positive\real\GnpwLP2THmM_0_00.mp4,test
YQG_FvZM9pg_00.mp4,1,e:\Rads\Datasets\processed\picek_sorted\trimmed\positive\real\YQG_FvZM9pg_00.mp4,test
v9jwlgooOmE_00.mp4,1,e:\Rads\Datasets\processed\picek_sorted\trimmed\positive\real\v9jwlgooOmE_00.mp4,test
c_u8oPMBGEI_01.mp4,1,e:\Rads\Datasets\processed\picek_sorted\trimmed\positive\real\c_u8oPMBGEI_01.mp4,test
OehnhIPFm4Q_01.mp4,1,e:\Rads\Datasets\processed\picek_sorted\trimmed\positive\real\OehnhIPFm4Q_01.mp4,test
xFWObpD8KiE_00.mp4,1,e:\Rads\Datasets\processed\picek_sorted\trimmed\positive\real\xFWObpD8KiE_00.mp4,test
VObOhcls5kI_00.mp4,1,e:\Rads\Datasets\processed\picek_sorted\trimmed\positive\real\VObOhcls5kI_00.mp4,test
PYeSHbpGyn4_00.mp4,1,e:\Rads\Datasets\processed\picek_sorted\trimmed\positive\real\PYeSHbpGyn4_00.mp4,test
2CilSgyYnK0_00.mp4,1,e:\Rads\Datasets\processed\picek_sorted\trimmed\positive\real\2CilSgyYnK0_00.mp4,test
8eSV1Aza1uE_00.mp4,1,e:\Rads\Datasets\processed\picek_sorted\trimmed\positive\real\8eSV1Aza1uE_00.mp4,test
7AFnEpBVrr4_00.mp4,1,e:\Rads\Datasets\processed\picek_sorted\trimmed\positive\real\7AFnEpBVrr4_00.mp4,test
2W7S_-7F6S8_00.mp4,1,e:\Rads\Datasets\processed\picek_sorted\trimmed\positive\real\2W7S_-7F6S8_00.mp4,test
NdGEyXh1tqA_00.mp4,1,e:\Rads\Datasets\processed\picek_sorted\trimmed\positive\real\NdGEyXh1tqA_00.mp4,test
NaRgSBNtbFY_00.mp4,1,e:\Rads\Datasets\processed\picek_sorted\trimmed\positive\real\NaRgSBNtbFY_00.mp4,test
CtYbOZdwGkY_00.mp4,1,e:\Rads\Datasets\processed\picek_sorted\trimmed\positive\real\CtYbOZdwGkY_00.mp4,test
T0Rkm2Q2e2k_00.mp4,1,e:\Rads\Datasets\processed\picek_sorted\trimmed\positive\real\T0Rkm2Q2e2k_00.mp4,test
qWlYogH_23M_00.mp4,1,e:\Rads\Datasets\processed\picek_sorted\trimmed\positive\real\qWlYogH_23M_00.mp4,test
c4exlXawFaM_00.mp4,1,e:\Rads\Datasets\processed\picek_sorted\trimmed\positive\real\c4exlXawFaM_00.mp4,test
xKT7khciy-c_14_00.mp4,1,e:\Rads\Datasets\processed\picek_sorted\trimmed\positive\real\xKT7khciy-c_14_00.mp4,test
Sb3SaOYjrrs_00.mp4,1,e:\Rads\Datasets\processed\picek_sorted\trimmed\positive\real\Sb3SaOYjrrs_00.mp4,test
T5396f4sJ5w_00.mp4,1,e:\Rads\Datasets\processed\picek_sorted\trimmed\positive\real\T5396f4sJ5w_00.mp4,test
XLGAfvkvHO0_00.mp4,1,e:\Rads\Datasets\processed\picek_sorted\trimmed\positive\real\XLGAfvkvHO0_00.mp4,test
XESYC4RcqGQ_01.mp4,1,e:\Rads\Datasets\processed\picek_sorted\trimmed\positive\real\XESYC4RcqGQ_01.mp4,test
4tXvj7hHsNA_01.mp4,1,e:\Rads\Datasets\processed\picek_sorted\trimmed\positive\real\4tXvj7hHsNA_01.mp4,test
NeOMWr9b_7I_00.mp4,1,e:\Rads\Datasets\processed\picek_sorted\trimmed\positive\real\NeOMWr9b_7I_00.mp4,test
tmklYgHVZcY_00.mp4,1,e:\Rads\Datasets\processed\picek_sorted\trimmed\positive\real\tmklYgHVZcY_00.mp4,test
ZkHzHo_PvIM_00.mp4,1,e:\Rads\Datasets\processed\picek_sorted\trimmed\positive\real\ZkHzHo_PvIM_00.mp4,test
iXbPXFRanm4_00.mp4,1,e:\Rads\Datasets\processed\picek_sorted\trimmed\positive\real\iXbPXFRanm4_00.mp4,test
57T5Z3aTh4s_00.mp4,1,e:\Rads\Datasets\processed\picek_sorted\trimmed\positive\real\57T5Z3aTh4s_00.mp4,test
FVZu22TdJwc_00.mp4,1,e:\Rads\Datasets\processed\picek_sorted\trimmed\positive\real\FVZu22TdJwc_00.mp4,test
XbW5qJKc8O8_00.mp4,1,e:\Rads\Datasets\processed\picek_sorted\trimmed\positive\real\XbW5qJKc8O8_00.mp4,test
h50TQ3i9k5I_2_00.mp4,1,e:\Rads\Datasets\processed\picek_sorted\trimmed\positive\real\h50TQ3i9k5I_2_00.mp4,test
OcSiHrgFRNs_00.mp4,1,e:\Rads\Datasets\processed\picek_sorted\trimmed\positive\real\OcSiHrgFRNs_00.mp4,test
Pjuu3TEEonY_00.mp4,1,e:\Rads\Datasets\processed\picek_sorted\trimmed\positive\real\Pjuu3TEEonY_00.mp4,test
sRM9RLRUYjI_00.mp4,1,e:\Rads\Datasets\processed\picek_sorted\trimmed\positive\real\sRM9RLRUYjI_00.mp4,test
IjrWDrC23GY_00.mp4,1,e:\Rads\Datasets\processed\picek_sorted\trimmed\positive\real\IjrWDrC23GY_00.mp4,test
CIN6BgkbMDQ_00.mp4,1,e:\Rads\Datasets\processed\picek_sorted\trimmed\positive\real\CIN6BgkbMDQ_00.mp4,test
Q90j5Irrj9g_00.mp4,1,e:\Rads\Datasets\processed\picek_sorted\trimmed\positive\real\Q90j5Irrj9g_00.mp4,test
cSCM3PYMKRo_01.mp4,1,e:\Rads\Datasets\processed\picek_sorted\trimmed\positive\real\cSCM3PYMKRo_01.mp4,test
2UWHJTklurQ_00.mp4,1,e:\Rads\Datasets\processed\picek_sorted\trimmed\positive\real\2UWHJTklurQ_00.mp4,test
9_rjoTFi3Ek_00.mp4,1,e:\Rads\Datasets\processed\picek_sorted\trimmed\positive\real\9_rjoTFi3Ek_00.mp4,test
bw6JUt3iQls_00.mp4,1,e:\Rads\Datasets\processed\picek_sorted\trimmed\positive\real\bw6JUt3iQls_00.mp4,test
2aYst3H2hjo_00.mp4,1,e:\Rads\Datasets\processed\picek_sorted\trimmed\positive\real\2aYst3H2hjo_00.mp4,test
wQ_pGHoj2SI_00.mp4,1,e:\Rads\Datasets\processed\picek_sorted\trimmed\positive\real\wQ_pGHoj2SI_00.mp4,test
BX8gqiZIIHs_00.mp4,1,e:\Rads\Datasets\processed\picek_sorted\trimmed\positive\real\BX8gqiZIIHs_00.mp4,test
dIbxWir400s_00.mp4,1,e:\Rads\Datasets\processed\picek_sorted\trimmed\positive\real\dIbxWir400s_00.mp4,test
kj23OkxXMfU_00.mp4,1,e:\Rads\Datasets\processed\picek_sorted\trimmed\positive\real\kj23OkxXMfU_00.mp4,test
kI-AKIXGLiY_00.mp4,1,e:\Rads\Datasets\processed\picek_sorted\trimmed\positive\real\kI-AKIXGLiY_00.mp4,test
gDCiYQjLeEE_00.mp4,1,e:\Rads\Datasets\processed\picek_sorted\trimmed\positive\real\gDCiYQjLeEE_00.mp4,test
yGYOGSKjE3o_00.mp4,1,e:\Rads\Datasets\processed\picek_sorted\trimmed\positive\real\yGYOGSKjE3o_00.mp4,test
cPyZuPSQrkI_00.mp4,1,e:\Rads\Datasets\processed\picek_sorted\trimmed\positive\real\cPyZuPSQrkI_00.mp4,test
LI8ZZcRlFV8_00.mp4,1,e:\Rads\Datasets\processed\picek_sorted\trimmed\positive\real\LI8ZZcRlFV8_00.mp4,test
pA6q7Q2EQrw_25_00.mp4,1,e:\Rads\Datasets\processed\picek_sorted\trimmed\positive\real\pA6q7Q2EQrw_25_00.mp4,test
9DRFJxKHc6g_2_00.mp4,1,e:\Rads\Datasets\processed\picek_sorted\trimmed\positive\real\9DRFJxKHc6g_2_00.mp4,test
hs-_vD6T78s_00.mp4,1,e:\Rads\Datasets\processed\picek_sorted\trimmed\positive\real\hs-_vD6T78s_00.mp4,test
GsRdjuR2PpE_00.mp4,1,e:\Rads\Datasets\processed\picek_sorted\trimmed\positive\real\GsRdjuR2PpE_00.mp4,test
zCJ_1fc2nwk_00.mp4,1,e:\Rads\Datasets\processed\picek_sorted\trimmed\positive\real\zCJ_1fc2nwk_00.mp4,test
BdHk9yhbB94_00.mp4,1,e:\Rads\Datasets\processed\picek_sorted\trimmed\positive\real\BdHk9yhbB94_00.mp4,test
bys_qghQe0w_00.mp4,1,e:\Rads\Datasets\processed\picek_sorted\trimmed\positive\real\bys_qghQe0w_00.mp4,test
WroDrfySdmc_00.mp4,1,e:\Rads\Datasets\processed\picek_sorted\trimmed\positive\real\WroDrfySdmc_00.mp4,test
ozOAT76M0PM_00.mp4,1,e:\Rads\Datasets\processed\picek_sorted\trimmed\positive\real\ozOAT76M0PM_00.mp4,test
nGzSLxoFILc_00.mp4,1,e:\Rads\Datasets\processed\picek_sorted\trimmed\positive\real\nGzSLxoFILc_00.mp4,test
ob6zKCT1SGE_00.mp4,1,e:\Rads\Datasets\processed\picek_sorted\trimmed\positive\real\ob6zKCT1SGE_00.mp4,test
lpJL9-mBNmk_00.mp4,1,e:\Rads\Datasets\processed\picek_sorted\trimmed\positive\real\lpJL9-mBNmk_00.mp4,test
Chf8yRqccCM_00.mp4,1,e:\Rads\Datasets\processed\picek_sorted\trimmed\positive\real\Chf8yRqccCM_00.mp4,test
6AzIoSDn5Qs_00.mp4,1,e:\Rads\Datasets\processed\picek_sorted\trimmed\positive\real\6AzIoSDn5Qs_00.mp4,test
1D0KxP4drTU_00.mp4,1,e:\Rads\Datasets\processed\picek_sorted\trimmed\positive\real\1D0KxP4drTU_00.mp4,test
nsHYg3ENgk4_1_00.mp4,1,e:\Rads\Datasets\processed\picek_sorted\trimmed\positive\real\nsHYg3ENgk4_1_00.mp4,test
v0VVrqk4l3o_00.mp4,1,e:\Rads\Datasets\processed\picek_sorted\trimmed\positive\real\v0VVrqk4l3o_00.mp4,test
jc-fa_AjIXw_00.mp4,1,e:\Rads\Datasets\processed\picek_sorted\trimmed\positive\real\jc-fa_AjIXw_00.mp4,test
zYgBOSbkY3A_00.mp4,1,e:\Rads\Datasets\processed\picek_sorted\trimmed\positive\real\zYgBOSbkY3A_00.mp4,test
g59nWt3t9ZM_00.mp4,1,e:\Rads\Datasets\processed\picek_sorted\trimmed\positive\real\g59nWt3t9ZM_00.mp4,test
Nn10f6awuTk_00.mp4,1,e:\Rads\Datasets\processed\picek_sorted\trimmed\positive\real\Nn10f6awuTk_00.mp4,test
jvM9Js5f9dI_00.mp4,1,e:\Rads\Datasets\processed\picek_sorted\trimmed\positive\real\jvM9Js5f9dI_00.mp4,test
AuQz_-J2kzc_27_00.mp4,1,e:\Rads\Datasets\processed\picek_sorted\trimmed\positive\real\AuQz_-J2kzc_27_00.mp4,test
u3KPKXc9A1c_00.mp4,1,e:\Rads\Datasets\processed\picek_sorted\trimmed\positive\real\u3KPKXc9A1c_00.mp4,test
SA_ZC0qlqdg_00.mp4,1,e:\Rads\Datasets\processed\picek_sorted\trimmed\positive\real\SA_ZC0qlqdg_00.mp4,test
Zw3DbNY6ZpE_00.mp4,1,e:\Rads\Datasets\processed\picek_sorted\trimmed\positive\real\Zw3DbNY6ZpE_00.mp4,test
uD3kjTme_dU_00.mp4,1,e:\Rads\Datasets\processed\picek_sorted\trimmed\positive\real\uD3kjTme_dU_00.mp4,test
HD6QGx9d8ow_1_00.mp4,1,e:\Rads\Datasets\processed\picek_sorted\trimmed\positive\real\HD6QGx9d8ow_1_00.mp4,test
russia2_00.mp4,1,e:\Rads\Datasets\processed\picek_sorted\trimmed\positive\real\russia2_00.mp4,test
Ok6RsksG3fY_00.mp4,1,e:\Rads\Datasets\processed\picek_sorted\trimmed\positive\real\Ok6RsksG3fY_00.mp4,test
6oymx7wBmjw_00.mp4,1,e:\Rads\Datasets\processed\picek_sorted\trimmed\positive\real\6oymx7wBmjw_00.mp4,test
CkI203kbHQ8_11_00.mp4,1,e:\Rads\Datasets\processed\picek_sorted\trimmed\positive\real\CkI203kbHQ8_11_00.mp4,test
0puo8kJOlmU_00.mp4,1,e:\Rads\Datasets\processed\picek_sorted\trimmed\positive\real\0puo8kJOlmU_00.mp4,test
aUvorQJ7jRU_00.mp4,1,e:\Rads\Datasets\processed\picek_sorted\trimmed\positive\real\aUvorQJ7jRU_00.mp4,test
cCofNt_oBE8_00.mp4,1,e:\Rads\Datasets\processed\picek_sorted\trimmed\positive\real\cCofNt_oBE8_00.mp4,test
klHFoVQo--8_00.mp4,1,e:\Rads\Datasets\processed\picek_sorted\trimmed\positive\real\klHFoVQo--8_00.mp4,test
CkI203kbHQ8_12_00.mp4,1,e:\Rads\Datasets\processed\picek_sorted\trimmed\positive\real\CkI203kbHQ8_12_00.mp4,test
XOIVTT7Fn9U_00.mp4,1,e:\Rads\Datasets\processed\picek_sorted\trimmed\positive\real\XOIVTT7Fn9U_00.mp4,test
CVSBJThqVgA_00.mp4,1,e:\Rads\Datasets\processed\picek_sorted\trimmed\positive\real\CVSBJThqVgA_00.mp4,test
m8HHbAqyx8g_00.mp4,1,e:\Rads\Datasets\processed\picek_sorted\trimmed\positive\real\m8HHbAqyx8g_00.mp4,test
91DHD6SEyVU_00.mp4,1,e:\Rads\Datasets\processed\picek_sorted\trimmed\positive\real\91DHD6SEyVU_00.mp4,test
eQ8yX8V88l8_00.mp4,1,e:\Rads\Datasets\processed\picek_sorted\trimmed\positive\real\eQ8yX8V88l8_00.mp4,test
ht0QCYJRWXc_00.mp4,1,e:\Rads\Datasets\processed\picek_sorted\trimmed\positive\real\ht0QCYJRWXc_00.mp4,test
YXj8m_rAyaE_00.mp4,1,e:\Rads\Datasets\processed\picek_sorted\trimmed\positive\real\YXj8m_rAyaE_00.mp4,test
UcJKeuDYOzc_3_00.mp4,1,e:\Rads\Datasets\processed\picek_sorted\trimmed\positive\real\UcJKeuDYOzc_3_00.mp4,test
5m8QzQubYOI_00.mp4,1,e:\Rads\Datasets\processed\picek_sorted\trimmed\positive\real\5m8QzQubYOI_00.mp4,test
H644DZi-cWQ_00.mp4,1,e:\Rads\Datasets\processed\picek_sorted\trimmed\positive\real\H644DZi-cWQ_00.mp4,test
MsQns-Oy-hk_00.mp4,1,e:\Rads\Datasets\processed\picek_sorted\trimmed\positive\real\MsQns-Oy-hk_00.mp4,test
T1WbCBVGCHg_4_00.mp4,1,e:\Rads\Datasets\processed\picek_sorted\trimmed\positive\real\T1WbCBVGCHg_4_00.mp4,test
reXieySb4JI_00.mp4,1,e:\Rads\Datasets\processed\picek_sorted\trimmed\positive\real\reXieySb4JI_00.mp4,test
UcJKeuDYOzc_19_00.mp4,1,e:\Rads\Datasets\processed\picek_sorted\trimmed\positive\real\UcJKeuDYOzc_19_00.mp4,test
YTOvt3Ac1z4_0_00.mp4,1,e:\Rads\Datasets\processed\picek_sorted\trimmed\positive\real\YTOvt3Ac1z4_0_00.mp4,test
GnpwLP2THmM_10_00.mp4,1,e:\Rads\Datasets\processed\picek_sorted\trimmed\positive\real\GnpwLP2THmM_10_00.mp4,test
pB-O0UY9gM8_01.mp4,1,e:\Rads\Datasets\processed\picek_sorted\trimmed\positive\real\pB-O0UY9gM8_01.mp4,test
iOQcKQHd1og_00.mp4,1,e:\Rads\Datasets\processed\picek_sorted\trimmed\positive\real\iOQcKQHd1og_00.mp4,test
SPC9zwYFzdI_00.mp4,1,e:\Rads\Datasets\processed\picek_sorted\trimmed\positive\real\SPC9zwYFzdI_00.mp4,test
BGxp7NOV0AQ_00.mp4,1,e:\Rads\Datasets\processed\picek_sorted\trimmed\positive\real\BGxp7NOV0AQ_00.mp4,test
zISHd2Jt7Qs_00.mp4,1,e:\Rads\Datasets\processed\picek_sorted\trimmed\positive\real\zISHd2Jt7Qs_00.mp4,test
video26_00.mp4,1,e:\Rads\Datasets\processed\picek_sorted\trimmed\positive\real\video26_00.mp4,test
T1WbCBVGCHg_0_00.mp4,1,e:\Rads\Datasets\processed\picek_sorted\trimmed\positive\real\T1WbCBVGCHg_0_00.mp4,test
oqzyCtlqYUw_00.mp4,1,e:\Rads\Datasets\processed\picek_sorted\trimmed\positive\real\oqzyCtlqYUw_00.mp4,test
4XE22RAmqnM_00.mp4,1,e:\Rads\Datasets\processed\picek_sorted\trimmed\positive\real\4XE22RAmqnM_00.mp4,test
bZp0v_Xt8EU_00.mp4,1,e:\Rads\Datasets\processed\picek_sorted\trimmed\positive\real\bZp0v_Xt8EU_00.mp4,test
aMOOElIYyiU_00.mp4,1,e:\Rads\Datasets\processed\picek_sorted\trimmed\positive\real\aMOOElIYyiU_00.mp4,test
jwhAPqcuObs_00.mp4,1,e:\Rads\Datasets\processed\picek_sorted\trimmed\positive\real\jwhAPqcuObs_00.mp4,test
A6Ut8jw-oLs_00.mp4,1,e:\Rads\Datasets\processed\picek_sorted\trimmed\positive\real\A6Ut8jw-oLs_00.mp4,test
tHW7Y0dIwkg_00.mp4,1,e:\Rads\Datasets\processed\picek_sorted\trimmed\positive\real\tHW7Y0dIwkg_00.mp4,test
DNXPVeHVfik_00.mp4,1,e:\Rads\Datasets\processed\picek_sorted\trimmed\positive\real\DNXPVeHVfik_00.mp4,test
meDGeTof2x0_00.mp4,1,e:\Rads\Datasets\processed\picek_sorted\trimmed\positive\real\meDGeTof2x0_00.mp4,test
cZo9DI6DSIY_02.mp4,1,e:\Rads\Datasets\processed\picek_sorted\trimmed\positive\real\cZo9DI6DSIY_02.mp4,test
aPenMcX0LNY_00.mp4,1,e:\Rads\Datasets\processed\picek_sorted\trimmed\positive\real\aPenMcX0LNY_00.mp4,test
Xe9CoVqpv9c_2_00.mp4,1,e:\Rads\Datasets\processed\picek_sorted\trimmed\positive\real\Xe9CoVqpv9c_2_00.mp4,test
ExU1_ouZ3bw_00.mp4,1,e:\Rads\Datasets\processed\picek_sorted\trimmed\positive\real\ExU1_ouZ3bw_00.mp4,test
3dL7_KqiBoo_00.mp4,1,e:\Rads\Datasets\processed\picek_sorted\trimmed\positive\real\3dL7_KqiBoo_00.mp4,test
VbJ0P0Ranrw_00.mp4,1,e:\Rads\Datasets\processed\picek_sorted\trimmed\positive\real\VbJ0P0Ranrw_00.mp4,test
russia1_00.mp4,1,e:\Rads\Datasets\processed\picek_sorted\trimmed\positive\real\russia1_00.mp4,test
TvOF9UpguyM_00.mp4,1,e:\Rads\Datasets\processed\picek_sorted\trimmed\positive\real\TvOF9UpguyM_00.mp4,test
ur7JERJrVQs_00.mp4,1,e:\Rads\Datasets\processed\picek_sorted\trimmed\positive\real\ur7JERJrVQs_00.mp4,test
eQ1QDZ811c0_00.mp4,1,e:\Rads\Datasets\processed\picek_sorted\trimmed\positive\real\eQ1QDZ811c0_00.mp4,test
VLYIKXy1gzg_00.mp4,1,e:\Rads\Datasets\processed\picek_sorted\trimmed\positive\real\VLYIKXy1gzg_00.mp4,test
I2syQkUAm0g_00.mp4,1,e:\Rads\Datasets\processed\picek_sorted\trimmed\positive\real\I2syQkUAm0g_00.mp4,test
uPwNRl6V9i8_00.mp4,1,e:\Rads\Datasets\processed\picek_sorted\trimmed\positive\real\uPwNRl6V9i8_00.mp4,test
D7D-zT4wxC4_00.mp4,1,e:\Rads\Datasets\processed\picek_sorted\trimmed\positive\real\D7D-zT4wxC4_00.mp4,test
glkdKMzVzkM_00.mp4,1,e:\Rads\Datasets\processed\picek_sorted\trimmed\positive\real\glkdKMzVzkM_00.mp4,test
CfyyqTRMA6A_00.mp4,1,e:\Rads\Datasets\processed\picek_sorted\trimmed\positive\real\CfyyqTRMA6A_00.mp4,test
jiOupTjSods_00.mp4,1,e:\Rads\Datasets\processed\picek_sorted\trimmed\positive\real\jiOupTjSods_00.mp4,test
NDkAFTqHLzo_00.mp4,1,e:\Rads\Datasets\processed\picek_sorted\trimmed\positive\real\NDkAFTqHLzo_00.mp4,test
0isplBZQftg_00.mp4,1,e:\Rads\Datasets\processed\picek_sorted\trimmed\positive\real\0isplBZQftg_00.mp4,test
GnpwLP2THmM_5_00.mp4,1,e:\Rads\Datasets\processed\picek_sorted\trimmed\positive\real\GnpwLP2THmM_5_00.mp4,test
TLjDFutg8mI_00.mp4,1,e:\Rads\Datasets\processed\picek_sorted\trimmed\positive\real\TLjDFutg8mI_00.mp4,test
CBPD-SF1p90_00.mp4,1,e:\Rads\Datasets\processed\picek_sorted\trimmed\positive\real\CBPD-SF1p90_00.mp4,test
ODXaUnji7LI_00.mp4,1,e:\Rads\Datasets\processed\picek_sorted\trimmed\positive\real\ODXaUnji7LI_00.mp4,test
Zq0TjWFlXQI_00.mp4,1,e:\Rads\Datasets\processed\picek_sorted\trimmed\positive\real\Zq0TjWFlXQI_00.mp4,test
g_x7gdvFBWk_00.mp4,1,e:\Rads\Datasets\processed\picek_sorted\trimmed\positive\real\g_x7gdvFBWk_00.mp4,test
n0pXXp0cWWw_00.mp4,1,e:\Rads\Datasets\processed\picek_sorted\trimmed\positive\real\n0pXXp0cWWw_00.mp4,test
sV5FN5PePOQ_00.mp4,1,e:\Rads\Datasets\processed\picek_sorted\trimmed\positive\real\sV5FN5PePOQ_00.mp4,test
dVgyJhT1tiQ_00.mp4,1,e:\Rads\Datasets\processed\picek_sorted\trimmed\positive\real\dVgyJhT1tiQ_00.mp4,test
0eoMti_njew_00.mp4,1,e:\Rads\Datasets\processed\picek_sorted\trimmed\positive\real\0eoMti_njew_00.mp4,test
k9lZ453AVO8_00.mp4,1,e:\Rads\Datasets\processed\picek_sorted\trimmed\positive\real\k9lZ453AVO8_00.mp4,test
Iy_GdGD-ySg_00.mp4,1,e:\Rads\Datasets\processed\picek_sorted\trimmed\positive\real\Iy_GdGD-ySg_00.mp4,test
BFN3VYJ9ARs_00.mp4,1,e:\Rads\Datasets\processed\picek_sorted\trimmed\positive\real\BFN3VYJ9ARs_00.mp4,test
SBIUNqe_XTk_00.mp4,1,e:\Rads\Datasets\processed\picek_sorted\trimmed\positive\real\SBIUNqe_XTk_00.mp4,test
x7yDzEf3TxM_00.mp4,1,e:\Rads\Datasets\processed\picek_sorted\trimmed\positive\real\x7yDzEf3TxM_00.mp4,test
PD-N1gMJNXg_00.mp4,1,e:\Rads\Datasets\processed\picek_sorted\trimmed\positive\real\PD-N1gMJNXg_00.mp4,test
C5Vqz3BcyAs_00.mp4,1,e:\Rads\Datasets\processed\picek_sorted\trimmed\positive\real\C5Vqz3BcyAs_00.mp4,test
oWLWFTK4QdU_00.mp4,1,e:\Rads\Datasets\processed\picek_sorted\trimmed\positive\real\oWLWFTK4QdU_00.mp4,test
y4Evv5By6sg_4_00.mp4,1,e:\Rads\Datasets\processed\picek_sorted\trimmed\positive\real\y4Evv5By6sg_4_00.mp4,test
__WFqm4i3vE_00.mp4,1,e:\Rads\Datasets\processed\picek_sorted\trimmed\positive\real\__WFqm4i3vE_00.mp4,test
7O6n0GkXt_g_00.mp4,1,e:\Rads\Datasets\processed\picek_sorted\trimmed\positive\real\7O6n0GkXt_g_00.mp4,test
jJ4IJnInYnE_00.mp4,1,e:\Rads\Datasets\processed\picek_sorted\trimmed\positive\real\jJ4IJnInYnE_00.mp4,test
kUsZnGYhevs_00.mp4,1,e:\Rads\Datasets\processed\picek_sorted\trimmed\positive\real\kUsZnGYhevs_00.mp4,test
bcuWtCE-SnE_00.mp4,1,e:\Rads\Datasets\processed\picek_sorted\trimmed\positive\real\bcuWtCE-SnE_00.mp4,test
BLq2n48HYZc_01.mp4,1,e:\Rads\Datasets\processed\picek_sorted\trimmed\positive\real\BLq2n48HYZc_01.mp4,test
Ov8CuX37yeo_00.mp4,1,e:\Rads\Datasets\processed\picek_sorted\trimmed\positive\real\Ov8CuX37yeo_00.mp4,test
JsJ_gpjIH1k_00.mp4,1,e:\Rads\Datasets\processed\picek_sorted\trimmed\positive\real\JsJ_gpjIH1k_00.mp4,test
Pd6Ii4dcaUg_00.mp4,1,e:\Rads\Datasets\processed\picek_sorted\trimmed\positive\real\Pd6Ii4dcaUg_00.mp4,test
xKT7khciy-c_16_00.mp4,1,e:\Rads\Datasets\processed\picek_sorted\trimmed\positive\real\xKT7khciy-c_16_00.mp4,test
x5XPG-uYJlM_00.mp4,1,e:\Rads\Datasets\processed\picek_sorted\trimmed\positive\real\x5XPG-uYJlM_00.mp4,test
CwynQU9-yhE_00.mp4,1,e:\Rads\Datasets\processed\picek_sorted\trimmed\positive\real\CwynQU9-yhE_00.mp4,test
6nlROBgKAnA_00.mp4,1,e:\Rads\Datasets\processed\picek_sorted\trimmed\positive\real\6nlROBgKAnA_00.mp4,test
jecwwv5-8Q0_00.mp4,1,e:\Rads\Datasets\processed\picek_sorted\trimmed\positive\real\jecwwv5-8Q0_00.mp4,test
rivjQ5XnuIg_00.mp4,1,e:\Rads\Datasets\processed\picek_sorted\trimmed\positive\real\rivjQ5XnuIg_00.mp4,test
lRcaIAGppGs_00.mp4,1,e:\Rads\Datasets\processed\picek_sorted\trimmed\positive\real\lRcaIAGppGs_00.mp4,test
AJjnEMemjDk_00.mp4,1,e:\Rads\Datasets\processed\picek_sorted\trimmed\positive\real\AJjnEMemjDk_00.mp4,test
8asB-NXAPSc_00.mp4,1,e:\Rads\Datasets\processed\picek_sorted\trimmed\positive\real\8asB-NXAPSc_00.mp4,test
rivjQ5XnuIg_00.mp4,0,e:\Rads\Datasets\processed\picek_sorted\trimmed\negative\real\rivjQ5XnuIg_00.mp4,test
Gw3WQGxMH_I_00.mp4,0,e:\Rads\Datasets\processed\picek_sorted\trimmed\negative\real\Gw3WQGxMH_I_00.mp4,test
GSvQCAPnFGo_00.mp4,0,e:\Rads\Datasets\processed\picek_sorted\trimmed\negative\real\GSvQCAPnFGo_00.mp4,test
NJvjYUBWAc0_00.mp4,0,e:\Rads\Datasets\processed\picek_sorted\trimmed\negative\real\NJvjYUBWAc0_00.mp4,test
OmriwRCPF7M_00.mp4,0,e:\Rads\Datasets\processed\picek_sorted\trimmed\negative\real\OmriwRCPF7M_00.mp4,test
kd7QwQqeJZQ_01.mp4,0,e:\Rads\Datasets\processed\picek_sorted\trimmed\negative\real\kd7QwQqeJZQ_01.mp4,test
uQHq1rdhTNQ_00.mp4,0,e:\Rads\Datasets\processed\picek_sorted\trimmed\negative\real\uQHq1rdhTNQ_00.mp4,test
6fIB4cD0IrE_00.mp4,0,e:\Rads\Datasets\processed\picek_sorted\trimmed\negative\real\6fIB4cD0IrE_00.mp4,test
kj23OkxXMfU_00.mp4,0,e:\Rads\Datasets\processed\picek_sorted\trimmed\negative\real\kj23OkxXMfU_00.mp4,test
maJGw3hQs_s_00.mp4,0,e:\Rads\Datasets\processed\picek_sorted\trimmed\negative\real\maJGw3hQs_s_00.mp4,test
9gEAWXvgLTw_00.mp4,0,e:\Rads\Datasets\processed\picek_sorted\trimmed\negative\real\9gEAWXvgLTw_00.mp4,test
mz-y5-ksDA8_00.mp4,0,e:\Rads\Datasets\processed\picek_sorted\trimmed\negative\real\mz-y5-ksDA8_00.mp4,test
XGmx0mhtM_A_00.mp4,0,e:\Rads\Datasets\processed\picek_sorted\trimmed\negative\real\XGmx0mhtM_A_00.mp4,test
W8B8zo8IFPg_00.mp4,0,e:\Rads\Datasets\processed\picek_sorted\trimmed\negative\real\W8B8zo8IFPg_00.mp4,test
LZY4HepPGu0_00.mp4,0,e:\Rads\Datasets\processed\picek_sorted\trimmed\negative\real\LZY4HepPGu0_00.mp4,test
IxLBncFm-oE_00.mp4,0,e:\Rads\Datasets\processed\picek_sorted\trimmed\negative\real\IxLBncFm-oE_00.mp4,test
Tbl7dpfeXl8_00.mp4,0,e:\Rads\Datasets\processed\picek_sorted\trimmed\negative\real\Tbl7dpfeXl8_00.mp4,test
gDCiYQjLeEE_00.mp4,0,e:\Rads\Datasets\processed\picek_sorted\trimmed\negative\real\gDCiYQjLeEE_00.mp4,test
XESYC4RcqGQ_01.mp4,0,e:\Rads\Datasets\processed\picek_sorted\trimmed\negative\real\XESYC4RcqGQ_01.mp4,test
QfHs3610Fw4_00.mp4,0,e:\Rads\Datasets\processed\picek_sorted\trimmed\negative\real\QfHs3610Fw4_00.mp4,test
wqYFt0bcNrA_00.mp4,0,e:\Rads\Datasets\processed\picek_sorted\trimmed\negative\real\wqYFt0bcNrA_00.mp4,test
NKA8MgHBw5A_00.mp4,0,e:\Rads\Datasets\processed\picek_sorted\trimmed\negative\real\NKA8MgHBw5A_00.mp4,test
3gFe7GtkEPk_00.mp4,0,e:\Rads\Datasets\processed\picek_sorted\trimmed\negative\real\3gFe7GtkEPk_00.mp4,test
tX9OSNQL0hg_00.mp4,0,e:\Rads\Datasets\processed\picek_sorted\trimmed\negative\real\tX9OSNQL0hg_00.mp4,test
NdXcu0X1nH8_00.mp4,0,e:\Rads\Datasets\processed\picek_sorted\trimmed\negative\real\NdXcu0X1nH8_00.mp4,test
WFPy6Jpx5iE_00.mp4,0,e:\Rads\Datasets\processed\picek_sorted\trimmed\negative\real\WFPy6Jpx5iE_00.mp4,test
rAqvr6D_CwU_00.mp4,0,e:\Rads\Datasets\processed\picek_sorted\trimmed\negative\real\rAqvr6D_CwU_00.mp4,test
QyRcmm87rJ8_00.mp4,0,e:\Rads\Datasets\processed\picek_sorted\trimmed\negative\real\QyRcmm87rJ8_00.mp4,test
6eUG-Pp36_s_00.mp4,0,e:\Rads\Datasets\processed\picek_sorted\trimmed\negative\real\6eUG-Pp36_s_00.mp4,test
DJ-zFm_TSTM_00.mp4,0,e:\Rads\Datasets\processed\picek_sorted\trimmed\negative\real\DJ-zFm_TSTM_00.mp4,test
ExU1_ouZ3bw_00.mp4,0,e:\Rads\Datasets\processed\picek_sorted\trimmed\negative\real\ExU1_ouZ3bw_00.mp4,test
FojgBxlQgiw_00.mp4,0,e:\Rads\Datasets\processed\picek_sorted\trimmed\negative\real\FojgBxlQgiw_00.mp4,test
CftpplTN-Qc_00.mp4,0,e:\Rads\Datasets\processed\picek_sorted\trimmed\negative\real\CftpplTN-Qc_00.mp4,test
xNdcRobqvsc_00.mp4,0,e:\Rads\Datasets\processed\picek_sorted\trimmed\negative\real\xNdcRobqvsc_00.mp4,test
M7tbQSvMe5o_00.mp4,0,e:\Rads\Datasets\processed\picek_sorted\trimmed\negative\real\M7tbQSvMe5o_00.mp4,test
nsHYg3ENgk4_7_00.mp4,0,e:\Rads\Datasets\processed\picek_sorted\trimmed\negative\real\nsHYg3ENgk4_7_00.mp4,test
jI0_0zPf6BQ_00.mp4,0,e:\Rads\Datasets\processed\picek_sorted\trimmed\negative\real\jI0_0zPf6BQ_00.mp4,test
GI1-kjZaEWM_00.mp4,0,e:\Rads\Datasets\processed\picek_sorted\trimmed\negative\real\GI1-kjZaEWM_00.mp4,test
jriayW0n33c_00.mp4,0,e:\Rads\Datasets\processed\picek_sorted\trimmed\negative\real\jriayW0n33c_00.mp4,test
TWCg8QXjraw_00.mp4,0,e:\Rads\Datasets\processed\picek_sorted\trimmed\negative\real\TWCg8QXjraw_00.mp4,test
HLK2xLUfMsM_00.mp4,0,e:\Rads\Datasets\processed\picek_sorted\trimmed\negative\real\HLK2xLUfMsM_00.mp4,test
_lcVYPMK8RY_00.mp4,0,e:\Rads\Datasets\processed\picek_sorted\trimmed\negative\real\_lcVYPMK8RY_00.mp4,test
vqIPnFuQ22c_00.mp4,0,e:\Rads\Datasets\processed\picek_sorted\trimmed\negative\real\vqIPnFuQ22c_00.mp4,test
IcHtsAFIRjk_00.mp4,0,e:\Rads\Datasets\processed\picek_sorted\trimmed\negative\real\IcHtsAFIRjk_00.mp4,test
gKNkwyn6a-o_00.mp4,0,e:\Rads\Datasets\processed\picek_sorted\trimmed\negative\real\gKNkwyn6a-o_00.mp4,test
meDGeTof2x0_00.mp4,0,e:\Rads\Datasets\processed\picek_sorted\trimmed\negative\real\meDGeTof2x0_00.mp4,test
GbIQab3ECjI_00.mp4,0,e:\Rads\Datasets\processed\picek_sorted\trimmed\negative\real\GbIQab3ECjI_00.mp4,test
CkI203kbHQ8_12_00.mp4,0,e:\Rads\Datasets\processed\picek_sorted\trimmed\negative\real\CkI203kbHQ8_12_00.mp4,test
7DhAOb5V7_Y_00.mp4,0,e:\Rads\Datasets\processed\picek_sorted\trimmed\negative\real\7DhAOb5V7_Y_00.mp4,test
cSCM3PYMKRo_01.mp4,0,e:\Rads\Datasets\processed\picek_sorted\trimmed\negative\real\cSCM3PYMKRo_01.mp4,test
knWz2A2w3Ts_00.mp4,0,e:\Rads\Datasets\processed\picek_sorted\trimmed\negative\real\knWz2A2w3Ts_00.mp4,test
a5_Q39h5LM4_00.mp4,0,e:\Rads\Datasets\processed\picek_sorted\trimmed\negative\real\a5_Q39h5LM4_00.mp4,test
8ZzJdjQi-aM_00.mp4,0,e:\Rads\Datasets\processed\picek_sorted\trimmed\negative\real\8ZzJdjQi-aM_00.mp4,test
uAmblqScf8Q_00.mp4,0,e:\Rads\Datasets\processed\picek_sorted\trimmed\negative\real\uAmblqScf8Q_00.mp4,test
LiM5LPSZoow_00.mp4,0,e:\Rads\Datasets\processed\picek_sorted\trimmed\negative\real\LiM5LPSZoow_00.mp4,test
oXMCX36zERc_00.mp4,0,e:\Rads\Datasets\processed\picek_sorted\trimmed\negative\real\oXMCX36zERc_00.mp4,test
G0jQdKiCbhU_00.mp4,0,e:\Rads\Datasets\processed\picek_sorted\trimmed\negative\real\G0jQdKiCbhU_00.mp4,test
lqkfsE2tmbo_00.mp4,0,e:\Rads\Datasets\processed\picek_sorted\trimmed\negative\real\lqkfsE2tmbo_00.mp4,test
CyqcCI-woio_00.mp4,0,e:\Rads\Datasets\processed\picek_sorted\trimmed\negative\real\CyqcCI-woio_00.mp4,test
cCofNt_oBE8_00.mp4,0,e:\Rads\Datasets\processed\picek_sorted\trimmed\negative\real\cCofNt_oBE8_00.mp4,test
KxlGte5pVZs_00.mp4,0,e:\Rads\Datasets\processed\picek_sorted\trimmed\negative\real\KxlGte5pVZs_00.mp4,test
russia4_00.mp4,0,e:\Rads\Datasets\processed\picek_sorted\trimmed\negative\real\russia4_00.mp4,test
UY6g1DtnlGE_00.mp4,0,e:\Rads\Datasets\processed\picek_sorted\trimmed\negative\real\UY6g1DtnlGE_00.mp4,test
video13_00.mp4,0,e:\Rads\Datasets\processed\picek_sorted\trimmed\negative\real\video13_00.mp4,test
5-sIe-O1b8I_00.mp4,0,e:\Rads\Datasets\processed\picek_sorted\trimmed\negative\real\5-sIe-O1b8I_00.mp4,test
Sp7P1vH_ThU_00.mp4,0,e:\Rads\Datasets\processed\picek_sorted\trimmed\negative\real\Sp7P1vH_ThU_00.mp4,test
P74ieG--On8_00.mp4,0,e:\Rads\Datasets\processed\picek_sorted\trimmed\negative\real\P74ieG--On8_00.mp4,test
mTYWjKznhOY_00.mp4,0,e:\Rads\Datasets\processed\picek_sorted\trimmed\negative\real\mTYWjKznhOY_00.mp4,test
6Wt8Y2Z1dkc_00.mp4,0,e:\Rads\Datasets\processed\picek_sorted\trimmed\negative\real\6Wt8Y2Z1dkc_00.mp4,test
PNXLwYc7TFo_00.mp4,0,e:\Rads\Datasets\processed\picek_sorted\trimmed\negative\real\PNXLwYc7TFo_00.mp4,test
sppaLXwUokY_00.mp4,0,e:\Rads\Datasets\processed\picek_sorted\trimmed\negative\real\sppaLXwUokY_00.mp4,test
ZTLYOhzf8Jw_00.mp4,0,e:\Rads\Datasets\processed\picek_sorted\trimmed\negative\real\ZTLYOhzf8Jw_00.mp4,test
NHOOHKL_z8s_00.mp4,0,e:\Rads\Datasets\processed\picek_sorted\trimmed\negative\real\NHOOHKL_z8s_00.mp4,test
FJcKTvBI75U_01.mp4,0,e:\Rads\Datasets\processed\picek_sorted\trimmed\negative\real\FJcKTvBI75U_01.mp4,test
jTOB7nAs2HE_00.mp4,0,e:\Rads\Datasets\processed\picek_sorted\trimmed\negative\real\jTOB7nAs2HE_00.mp4,test
IrdhgFvZE1Y_00.mp4,0,e:\Rads\Datasets\processed\picek_sorted\trimmed\negative\real\IrdhgFvZE1Y_00.mp4,test
FDjxbPaxmho_00.mp4,0,e:\Rads\Datasets\processed\picek_sorted\trimmed\negative\real\FDjxbPaxmho_00.mp4,test
eaAiEUwvy20_00.mp4,0,e:\Rads\Datasets\processed\picek_sorted\trimmed\negative\real\eaAiEUwvy20_00.mp4,test
uC7g8msxRak_00.mp4,0,e:\Rads\Datasets\processed\picek_sorted\trimmed\negative\real\uC7g8msxRak_00.mp4,test
dEqwcxeYJw4_00.mp4,0,e:\Rads\Datasets\processed\picek_sorted\trimmed\negative\real\dEqwcxeYJw4_00.mp4,test
X8JXbRxpKk0_00.mp4,0,e:\Rads\Datasets\processed\picek_sorted\trimmed\negative\real\X8JXbRxpKk0_00.mp4,test
FhFwhsyOjUU_00.mp4,0,e:\Rads\Datasets\processed\picek_sorted\trimmed\negative\real\FhFwhsyOjUU_00.mp4,test
yap1ac36OsU_00.mp4,0,e:\Rads\Datasets\processed\picek_sorted\trimmed\negative\real\yap1ac36OsU_00.mp4,test
yZNmOYWiGY0_00.mp4,0,e:\Rads\Datasets\processed\picek_sorted\trimmed\negative\real\yZNmOYWiGY0_00.mp4,test
Vtp5G_Z5BZQ_00.mp4,0,e:\Rads\Datasets\processed\picek_sorted\trimmed\negative\real\Vtp5G_Z5BZQ_00.mp4,test
kM5FhXJsyWA_00.mp4,0,e:\Rads\Datasets\processed\picek_sorted\trimmed\negative\real\kM5FhXJsyWA_00.mp4,test
rQy2l6gxB8c_0_00.mp4,0,e:\Rads\Datasets\processed\picek_sorted\trimmed\negative\real\rQy2l6gxB8c_0_00.mp4,test
H6FXwjTkWYI_00.mp4,0,e:\Rads\Datasets\processed\picek_sorted\trimmed\negative\real\H6FXwjTkWYI_00.mp4,test
dgWpyczEx7U_00.mp4,0,e:\Rads\Datasets\processed\picek_sorted\trimmed\negative\real\dgWpyczEx7U_00.mp4,test
LsXzcdBISgw_00.mp4,0,e:\Rads\Datasets\processed\picek_sorted\trimmed\negative\real\LsXzcdBISgw_00.mp4,test
pS5SXfuqz-4_00.mp4,0,e:\Rads\Datasets\processed\picek_sorted\trimmed\negative\real\pS5SXfuqz-4_00.mp4,test
ob6zKCT1SGE_00.mp4,0,e:\Rads\Datasets\processed\picek_sorted\trimmed\negative\real\ob6zKCT1SGE_00.mp4,test
FD2WTKo0V94_00.mp4,0,e:\Rads\Datasets\processed\picek_sorted\trimmed\negative\real\FD2WTKo0V94_00.mp4,test
Pjuu3TEEonY_00.mp4,0,e:\Rads\Datasets\processed\picek_sorted\trimmed\negative\real\Pjuu3TEEonY_00.mp4,test
fNoqwaXAqeA_00.mp4,0,e:\Rads\Datasets\processed\picek_sorted\trimmed\negative\real\fNoqwaXAqeA_00.mp4,test
fbkRjY737QE_00.mp4,0,e:\Rads\Datasets\processed\picek_sorted\trimmed\negative\real\fbkRjY737QE_00.mp4,test
As0H5IK0CBI_00.mp4,0,e:\Rads\Datasets\processed\picek_sorted\trimmed\negative\real\As0H5IK0CBI_00.mp4,test
SVcqRcsvGak_00.mp4,0,e:\Rads\Datasets\processed\picek_sorted\trimmed\negative\real\SVcqRcsvGak_00.mp4,test
EyZo7F2P35A_00.mp4,0,e:\Rads\Datasets\processed\picek_sorted\trimmed\negative\real\EyZo7F2P35A_00.mp4,test
XPErIB4xgYg_00.mp4,0,e:\Rads\Datasets\processed\picek_sorted\trimmed\negative\real\XPErIB4xgYg_00.mp4,test
oWLWFTK4QdU_00.mp4,0,e:\Rads\Datasets\processed\picek_sorted\trimmed\negative\real\oWLWFTK4QdU_00.mp4,test
8uCJX3Qp78g_00.mp4,0,e:\Rads\Datasets\processed\picek_sorted\trimmed\negative\real\8uCJX3Qp78g_00.mp4,test
9jZ67_1d5nU_00.mp4,0,e:\Rads\Datasets\processed\picek_sorted\trimmed\negative\real\9jZ67_1d5nU_00.mp4,test
russia1_00.mp4,0,e:\Rads\Datasets\processed\picek_sorted\trimmed\negative\real\russia1_00.mp4,test
russia16_00.mp4,0,e:\Rads\Datasets\processed\picek_sorted\trimmed\negative\real\russia16_00.mp4,test
L2cVGFG5rwE_00.mp4,0,e:\Rads\Datasets\processed\picek_sorted\trimmed\negative\real\L2cVGFG5rwE_00.mp4,test
GPMefBsSI44_00.mp4,0,e:\Rads\Datasets\processed\picek_sorted\trimmed\negative\real\GPMefBsSI44_00.mp4,test
4Q4q7Y1GGHk_00.mp4,0,e:\Rads\Datasets\processed\picek_sorted\trimmed\negative\real\4Q4q7Y1GGHk_00.mp4,test
Xy3P5EhdZ7k_00.mp4,0,e:\Rads\Datasets\processed\picek_sorted\trimmed\negative\real\Xy3P5EhdZ7k_00.mp4,test
UcJKeuDYOzc_9_00.mp4,0,e:\Rads\Datasets\processed\picek_sorted\trimmed\negative\real\UcJKeuDYOzc_9_00.mp4,test
hQJqYD_MpRw_00.mp4,0,e:\Rads\Datasets\processed\picek_sorted\trimmed\negative\real\hQJqYD_MpRw_00.mp4,test
xPNA0BFy_og_00.mp4,0,e:\Rads\Datasets\processed\picek_sorted\trimmed\negative\real\xPNA0BFy_og_00.mp4,test
N8kPF4qITIM_00.mp4,0,e:\Rads\Datasets\processed\picek_sorted\trimmed\negative\real\N8kPF4qITIM_00.mp4,test
8eSV1Aza1uE_00.mp4,0,e:\Rads\Datasets\processed\picek_sorted\trimmed\negative\real\8eSV1Aza1uE_00.mp4,test
ga0JEJ0fnGY_00.mp4,0,e:\Rads\Datasets\processed\picek_sorted\trimmed\negative\real\ga0JEJ0fnGY_00.mp4,test
cdKTiLurgOI_00.mp4,0,e:\Rads\Datasets\processed\picek_sorted\trimmed\negative\real\cdKTiLurgOI_00.mp4,test
JEclWwaL-Ps_00.mp4,0,e:\Rads\Datasets\processed\picek_sorted\trimmed\negative\real\JEclWwaL-Ps_00.mp4,test
mOwuW8t6-GQ_2_00.mp4,0,e:\Rads\Datasets\processed\picek_sorted\trimmed\negative\real\mOwuW8t6-GQ_2_00.mp4,test
Z3s9Wv38oRc_00.mp4,0,e:\Rads\Datasets\processed\picek_sorted\trimmed\negative\real\Z3s9Wv38oRc_00.mp4,test
k932VZGqE6c_2_00.mp4,0,e:\Rads\Datasets\processed\picek_sorted\trimmed\negative\real\k932VZGqE6c_2_00.mp4,test
57T5Z3aTh4s_00.mp4,0,e:\Rads\Datasets\processed\picek_sorted\trimmed\negative\real\57T5Z3aTh4s_00.mp4,test
Rnip1LReTsg_00.mp4,0,e:\Rads\Datasets\processed\picek_sorted\trimmed\negative\real\Rnip1LReTsg_00.mp4,test
8UJFstPfuhU_00.mp4,0,e:\Rads\Datasets\processed\picek_sorted\trimmed\negative\real\8UJFstPfuhU_00.mp4,test
HC89136mZXs_00.mp4,0,e:\Rads\Datasets\processed\picek_sorted\trimmed\negative\real\HC89136mZXs_00.mp4,test
XPqOWbSVgbk_00.mp4,0,e:\Rads\Datasets\processed\picek_sorted\trimmed\negative\real\XPqOWbSVgbk_00.mp4,test
5bxGXH9wjOs_00.mp4,0,e:\Rads\Datasets\processed\picek_sorted\trimmed\negative\real\5bxGXH9wjOs_00.mp4,test
8j-qfY6_Bxg_00.mp4,0,e:\Rads\Datasets\processed\picek_sorted\trimmed\negative\real\8j-qfY6_Bxg_00.mp4,test
nsHYg3ENgk4_6_00.mp4,0,e:\Rads\Datasets\processed\picek_sorted\trimmed\negative\real\nsHYg3ENgk4_6_00.mp4,test
p-Tdocrz9HI_00.mp4,0,e:\Rads\Datasets\processed\picek_sorted\trimmed\negative\real\p-Tdocrz9HI_00.mp4,test
nKC_z-VEBfE_00.mp4,0,e:\Rads\Datasets\processed\picek_sorted\trimmed\negative\real\nKC_z-VEBfE_00.mp4,test
r-f6Tk6M_kQ_00.mp4,0,e:\Rads\Datasets\processed\picek_sorted\trimmed\negative\real\r-f6Tk6M_kQ_00.mp4,test
1koo-2ZTC9U_00.mp4,0,e:\Rads\Datasets\processed\picek_sorted\trimmed\negative\real\1koo-2ZTC9U_00.mp4,test
zjHAkzyXOCg_00.mp4,0,e:\Rads\Datasets\processed\picek_sorted\trimmed\negative\real\zjHAkzyXOCg_00.mp4,test
E65lhgBF1rM_00.mp4,0,e:\Rads\Datasets\processed\picek_sorted\trimmed\negative\real\E65lhgBF1rM_00.mp4,test
hQVkdwPxafw_00.mp4,0,e:\Rads\Datasets\processed\picek_sorted\trimmed\negative\real\hQVkdwPxafw_00.mp4,test
dHWTcKj5oY4_00.mp4,0,e:\Rads\Datasets\processed\picek_sorted\trimmed\negative\real\dHWTcKj5oY4_00.mp4,test
QB42gU5X634_00.mp4,0,e:\Rads\Datasets\processed\picek_sorted\trimmed\negative\real\QB42gU5X634_00.mp4,test
NmExQpJsyOA_00.mp4,0,e:\Rads\Datasets\processed\picek_sorted\trimmed\negative\real\NmExQpJsyOA_00.mp4,test
fzWY0vLAXzI_00.mp4,0,e:\Rads\Datasets\processed\picek_sorted\trimmed\negative\real\fzWY0vLAXzI_00.mp4,test
OehnhIPFm4Q_03.mp4,0,e:\Rads\Datasets\processed\picek_sorted\trimmed\negative\real\OehnhIPFm4Q_03.mp4,test
mllfWsyVZ1s_00.mp4,0,e:\Rads\Datasets\processed\picek_sorted\trimmed\negative\real\mllfWsyVZ1s_00.mp4,test
OPrn1pj3g5M_00.mp4,0,e:\Rads\Datasets\processed\picek_sorted\trimmed\negative\real\OPrn1pj3g5M_00.mp4,test
17u3l3wxfFI_00.mp4,0,e:\Rads\Datasets\processed\picek_sorted\trimmed\negative\real\17u3l3wxfFI_00.mp4,test
4j9OcguWbcA_00.mp4,0,e:\Rads\Datasets\processed\picek_sorted\trimmed\negative\real\4j9OcguWbcA_00.mp4,test
dmwcqNAuZcM_1_00.mp4,0,e:\Rads\Datasets\processed\picek_sorted\trimmed\negative\real\dmwcqNAuZcM_1_00.mp4,test
CRFFj83OIDU_00.mp4,0,e:\Rads\Datasets\processed\picek_sorted\trimmed\negative\real\CRFFj83OIDU_00.mp4,test
8ohINS1qks8_00.mp4,0,e:\Rads\Datasets\processed\picek_sorted\trimmed\negative\real\8ohINS1qks8_00.mp4,test
D1eP4Bn4hDQ_0_00.mp4,0,e:\Rads\Datasets\processed\picek_sorted\trimmed\negative\real\D1eP4Bn4hDQ_0_00.mp4,test
inJcKZ42Ovc_00.mp4,0,e:\Rads\Datasets\processed\picek_sorted\trimmed\negative\real\inJcKZ42Ovc_00.mp4,test
GtL1Onu28Iw_00.mp4,0,e:\Rads\Datasets\processed\picek_sorted\trimmed\negative\real\GtL1Onu28Iw_00.mp4,test
5caUHPE480M_00.mp4,0,e:\Rads\Datasets\processed\picek_sorted\trimmed\negative\real\5caUHPE480M_00.mp4,test
ZZM8_m1ngcc_00.mp4,0,e:\Rads\Datasets\processed\picek_sorted\trimmed\negative\real\ZZM8_m1ngcc_00.mp4,test
YQxqeP2Q_-M_00.mp4,0,e:\Rads\Datasets\processed\picek_sorted\trimmed\negative\real\YQxqeP2Q_-M_00.mp4,test
0jk4tWwDKqc_00.mp4,0,e:\Rads\Datasets\processed\picek_sorted\trimmed\negative\real\0jk4tWwDKqc_00.mp4,test
3p_-1RjvCmw_1_00.mp4,0,e:\Rads\Datasets\processed\picek_sorted\trimmed\negative\real\3p_-1RjvCmw_1_00.mp4,test
zOgTWOFJpKg_01.mp4,0,e:\Rads\Datasets\processed\picek_sorted\trimmed\negative\real\zOgTWOFJpKg_01.mp4,test
bsvWhFHgta8_00.mp4,0,e:\Rads\Datasets\processed\picek_sorted\trimmed\negative\real\bsvWhFHgta8_00.mp4,test
NcksItQU_i0_00.mp4,0,e:\Rads\Datasets\processed\picek_sorted\trimmed\negative\real\NcksItQU_i0_00.mp4,test
oPdIw4WJ6ZU_00.mp4,0,e:\Rads\Datasets\processed\picek_sorted\trimmed\negative\real\oPdIw4WJ6ZU_00.mp4,test
russia7_00.mp4,0,e:\Rads\Datasets\processed\picek_sorted\trimmed\negative\real\russia7_00.mp4,test
w-oDFvzkC8o_00.mp4,0,e:\Rads\Datasets\processed\picek_sorted\trimmed\negative\real\w-oDFvzkC8o_00.mp4,test
5X2Ik8WsWVY_00.mp4,0,e:\Rads\Datasets\processed\picek_sorted\trimmed\negative\real\5X2Ik8WsWVY_00.mp4,test
yS19DGEwcO4_00.mp4,0,e:\Rads\Datasets\processed\picek_sorted\trimmed\negative\real\yS19DGEwcO4_00.mp4,test
XAxaY7MPnms_00.mp4,0,e:\Rads\Datasets\processed\picek_sorted\trimmed\negative\real\XAxaY7MPnms_00.mp4,test
g_x7gdvFBWk_00.mp4,0,e:\Rads\Datasets\processed\picek_sorted\trimmed\negative\real\g_x7gdvFBWk_00.mp4,test
50uYv-SxT-o_00.mp4,0,e:\Rads\Datasets\processed\picek_sorted\trimmed\negative\real\50uYv-SxT-o_00.mp4,test
1ot_Dyi6XyI_00.mp4,0,e:\Rads\Datasets\processed\picek_sorted\trimmed\negative\real\1ot_Dyi6XyI_00.mp4,test
9VsL3A3PJ1Q_00.mp4,0,e:\Rads\Datasets\processed\picek_sorted\trimmed\negative\real\9VsL3A3PJ1Q_00.mp4,test
ju6wnVi72qI_00.mp4,0,e:\Rads\Datasets\processed\picek_sorted\trimmed\negative\real\ju6wnVi72qI_00.mp4,test
1Utldy8lKBo_00.mp4,0,e:\Rads\Datasets\processed\picek_sorted\trimmed\negative\real\1Utldy8lKBo_00.mp4,test
c-nmxpXGBaA_00.mp4,0,e:\Rads\Datasets\processed\picek_sorted\trimmed\negative\real\c-nmxpXGBaA_00.mp4,test
6EW9PrDqKA8_00.mp4,0,e:\Rads\Datasets\processed\picek_sorted\trimmed\negative\real\6EW9PrDqKA8_00.mp4,test
pyq3j3CobZ0_00.mp4,0,e:\Rads\Datasets\processed\picek_sorted\trimmed\negative\real\pyq3j3CobZ0_00.mp4,test
0jlyeLcFLVc_00.mp4,0,e:\Rads\Datasets\processed\picek_sorted\trimmed\negative\real\0jlyeLcFLVc_00.mp4,test
TilBcBFe1gc_00.mp4,0,e:\Rads\Datasets\processed\picek_sorted\trimmed\negative\real\TilBcBFe1gc_00.mp4,test
KTGByI3N4G0_00.mp4,0,e:\Rads\Datasets\processed\picek_sorted\trimmed\negative\real\KTGByI3N4G0_00.mp4,test
TizK5BENdVg_00.mp4,0,e:\Rads\Datasets\processed\picek_sorted\trimmed\negative\real\TizK5BENdVg_00.mp4,test
dpwGsUssZeE_00.mp4,0,e:\Rads\Datasets\processed\picek_sorted\trimmed\negative\real\dpwGsUssZeE_00.mp4,test
DZBg6CcIi6Y_00.mp4,0,e:\Rads\Datasets\processed\picek_sorted\trimmed\negative\real\DZBg6CcIi6Y_00.mp4,test
tB1MoGqqKsA_00.mp4,0,e:\Rads\Datasets\processed\picek_sorted\trimmed\negative\real\tB1MoGqqKsA_00.mp4,test
fxiCDDZx2YM_00.mp4,0,e:\Rads\Datasets\processed\picek_sorted\trimmed\negative\real\fxiCDDZx2YM_00.mp4,test
Ej9_uEsIejA_00.mp4,0,e:\Rads\Datasets\processed\picek_sorted\trimmed\negative\real\Ej9_uEsIejA_00.mp4,test
luYrUPWqC5w_00.mp4,0,e:\Rads\Datasets\processed\picek_sorted\trimmed\negative\real\luYrUPWqC5w_00.mp4,test
QiRO0xdhcdY_00.mp4,0,e:\Rads\Datasets\processed\picek_sorted\trimmed\negative\real\QiRO0xdhcdY_00.mp4,test
rJaAl_YfQiM_00.mp4,0,e:\Rads\Datasets\processed\picek_sorted\trimmed\negative\real\rJaAl_YfQiM_00.mp4,test
UUZr6xfWXPg_00.mp4,0,e:\Rads\Datasets\processed\picek_sorted\trimmed\negative\real\UUZr6xfWXPg_00.mp4,test
Tfc5ixuHl3E_00.mp4,0,e:\Rads\Datasets\processed\picek_sorted\trimmed\negative\real\Tfc5ixuHl3E_00.mp4,test
hiBY1OLw4RQ_00.mp4,0,e:\Rads\Datasets\processed\picek_sorted\trimmed\negative\real\hiBY1OLw4RQ_00.mp4,test
jiliVB6lsKE_00.mp4,0,e:\Rads\Datasets\processed\picek_sorted\trimmed\negative\real\jiliVB6lsKE_00.mp4,test
ZsPhpxb8OTM_00.mp4,0,e:\Rads\Datasets\processed\picek_sorted\trimmed\negative\real\ZsPhpxb8OTM_00.mp4,test
rm4qKkLP9-A_00.mp4,0,e:\Rads\Datasets\processed\picek_sorted\trimmed\negative\real\rm4qKkLP9-A_00.mp4,test
h9vCRW9MVKI_00.mp4,0,e:\Rads\Datasets\processed\picek_sorted\trimmed\negative\real\h9vCRW9MVKI_00.mp4,test
O4eKyRwAKXQ_00.mp4,0,e:\Rads\Datasets\processed\picek_sorted\trimmed\negative\real\O4eKyRwAKXQ_00.mp4,test
_KmJLS_TJKY_00.mp4,0,e:\Rads\Datasets\processed\picek_sorted\trimmed\negative\real\_KmJLS_TJKY_00.mp4,test
hHLYbcQzL0U_00.mp4,0,e:\Rads\Datasets\processed\picek_sorted\trimmed\negative\real\hHLYbcQzL0U_00.mp4,test
x9KDw9QoeKs_00.mp4,0,e:\Rads\Datasets\processed\picek_sorted\trimmed\negative\real\x9KDw9QoeKs_00.mp4,test
egyW5DsK8BQ_00.mp4,0,e:\Rads\Datasets\processed\picek_sorted\trimmed\negative\real\egyW5DsK8BQ_00.mp4,test
r_Ca7EkJDdg_00.mp4,0,e:\Rads\Datasets\processed\picek_sorted\trimmed\negative\real\r_Ca7EkJDdg_00.mp4,test
LmWvBPSBxNE_00.mp4,0,e:\Rads\Datasets\processed\picek_sorted\trimmed\negative\real\LmWvBPSBxNE_00.mp4,test
UcJKeuDYOzc_3_00.mp4,0,e:\Rads\Datasets\processed\picek_sorted\trimmed\negative\real\UcJKeuDYOzc_3_00.mp4,test
XI9xhHUOo5o_00.mp4,0,e:\Rads\Datasets\processed\picek_sorted\trimmed\negative\real\XI9xhHUOo5o_00.mp4,test
otYsKPJqTr0_00.mp4,0,e:\Rads\Datasets\processed\picek_sorted\trimmed\negative\real\otYsKPJqTr0_00.mp4,test
4tOmPxnuANw_00.mp4,0,e:\Rads\Datasets\processed\picek_sorted\trimmed\negative\real\4tOmPxnuANw_00.mp4,test
rEKHRhOLjm4_00.mp4,0,e:\Rads\Datasets\processed\picek_sorted\trimmed\negative\real\rEKHRhOLjm4_00.mp4,test
aliCOjgqdfU_00.mp4,0,e:\Rads\Datasets\processed\picek_sorted\trimmed\negative\real\aliCOjgqdfU_00.mp4,test
6mVcTFd5TzI_18_00.mp4,0,e:\Rads\Datasets\processed\picek_sorted\trimmed\negative\real\6mVcTFd5TzI_18_00.mp4,test
NaRgSBNtbFY_00.mp4,0,e:\Rads\Datasets\processed\picek_sorted\trimmed\negative\real\NaRgSBNtbFY_00.mp4,test
i09Z9tesnac_00.mp4,0,e:\Rads\Datasets\processed\picek_sorted\trimmed\negative\real\i09Z9tesnac_00.mp4,test
fhZ9Mb-Ps3M_00.mp4,0,e:\Rads\Datasets\processed\picek_sorted\trimmed\negative\real\fhZ9Mb-Ps3M_00.mp4,test
tSSn6ZA4cfI_00.mp4,0,e:\Rads\Datasets\processed\picek_sorted\trimmed\negative\real\tSSn6ZA4cfI_00.mp4,test
G4QrIWuvNoM_00.mp4,0,e:\Rads\Datasets\processed\picek_sorted\trimmed\negative\real\G4QrIWuvNoM_00.mp4,test
jT5Kpwh7mBE_00.mp4,0,e:\Rads\Datasets\processed\picek_sorted\trimmed\negative\real\jT5Kpwh7mBE_00.mp4,test
jNzHFeCP2DU_00.mp4,0,e:\Rads\Datasets\processed\picek_sorted\trimmed\negative\real\jNzHFeCP2DU_00.mp4,test
fVIMQD0Bo2M_00.mp4,0,e:\Rads\Datasets\processed\picek_sorted\trimmed\negative\real\fVIMQD0Bo2M_00.mp4,test
rRqKYOsYITQ_00.mp4,0,e:\Rads\Datasets\processed\picek_sorted\trimmed\negative\real\rRqKYOsYITQ_00.mp4,test
7_GBBO6jreo_00.mp4,0,e:\Rads\Datasets\processed\picek_sorted\trimmed\negative\real\7_GBBO6jreo_00.mp4,test
K4we-6FhePo_00.mp4,0,e:\Rads\Datasets\processed\picek_sorted\trimmed\negative\real\K4we-6FhePo_00.mp4,test
F8PPMv46IQk_00.mp4,0,e:\Rads\Datasets\processed\picek_sorted\trimmed\negative\real\F8PPMv46IQk_00.mp4,test
3Gc1wi2Qp4g_00.mp4,0,e:\Rads\Datasets\processed\picek_sorted\trimmed\negative\real\3Gc1wi2Qp4g_00.mp4,test
qkOFqDO_mL4_00.mp4,0,e:\Rads\Datasets\processed\picek_sorted\trimmed\negative\real\qkOFqDO_mL4_00.mp4,test
1yWbvi0K6Eg_00.mp4,0,e:\Rads\Datasets\processed\picek_sorted\trimmed\negative\real\1yWbvi0K6Eg_00.mp4,test
XTAIiEEE8dU_00.mp4,0,e:\Rads\Datasets\processed\picek_sorted\trimmed\negative\real\XTAIiEEE8dU_00.mp4,test
GD6usZ7O7UU_00.mp4,0,e:\Rads\Datasets\processed\picek_sorted\trimmed\negative\real\GD6usZ7O7UU_00.mp4,test
k932VZGqE6c_1_00.mp4,0,e:\Rads\Datasets\processed\picek_sorted\trimmed\negative\real\k932VZGqE6c_1_00.mp4,test
g-JnlWPEZd4_00.mp4,0,e:\Rads\Datasets\processed\picek_sorted\trimmed\negative\real\g-JnlWPEZd4_00.mp4,test
fZfs2l5bv2Q_00.mp4,0,e:\Rads\Datasets\processed\picek_sorted\trimmed\negative\real\fZfs2l5bv2Q_00.mp4,test
MQI5ApNNZPI_00.mp4,0,e:\Rads\Datasets\processed\picek_sorted\trimmed\negative\real\MQI5ApNNZPI_00.mp4,test
bn7c9LxpeuA_00.mp4,0,e:\Rads\Datasets\processed\picek_sorted\trimmed\negative\real\bn7c9LxpeuA_00.mp4,test
BEZNd0pYy-4_00.mp4,0,e:\Rads\Datasets\processed\picek_sorted\trimmed\negative\real\BEZNd0pYy-4_00.mp4,test
SUK79gpopL0_00.mp4,0,e:\Rads\Datasets\processed\picek_sorted\trimmed\negative\real\SUK79gpopL0_00.mp4,test
yQz3PyPvr5Y_00.mp4,0,e:\Rads\Datasets\processed\picek_sorted\trimmed\negative\real\yQz3PyPvr5Y_00.mp4,test
YueG1zLkV8o_01.mp4,0,e:\Rads\Datasets\processed\picek_sorted\trimmed\negative\real\YueG1zLkV8o_01.mp4,test
ltBaGt6A30I_00.mp4,0,e:\Rads\Datasets\processed\picek_sorted\trimmed\negative\real\ltBaGt6A30I_00.mp4,test
_j_q79xO2ug_00.mp4,0,e:\Rads\Datasets\processed\picek_sorted\trimmed\negative\real\_j_q79xO2ug_00.mp4,test
UrmfisD-cpk_00.mp4,0,e:\Rads\Datasets\processed\picek_sorted\trimmed\negative\real\UrmfisD-cpk_00.mp4,test
rTa4OCFz0i8_00.mp4,0,e:\Rads\Datasets\processed\picek_sorted\trimmed\negative\real\rTa4OCFz0i8_00.mp4,test
LDFzVFnuKIg_00.mp4,0,e:\Rads\Datasets\processed\picek_sorted\trimmed\negative\real\LDFzVFnuKIg_00.mp4,test
dI-ueIMSLZQ_00.mp4,0,e:\Rads\Datasets\processed\picek_sorted\trimmed\negative\real\dI-ueIMSLZQ_00.mp4,test
KZ8uvPQdYdk_00.mp4,0,e:\Rads\Datasets\processed\picek_sorted\trimmed\negative\real\KZ8uvPQdYdk_00.mp4,test
Rsl5cRsKZQ8_00.mp4,0,e:\Rads\Datasets\processed\picek_sorted\trimmed\negative\real\Rsl5cRsKZQ8_00.mp4,test
begSCBJgT4o_00.mp4,0,e:\Rads\Datasets\processed\picek_sorted\trimmed\negative\real\begSCBJgT4o_00.mp4,test
WagIvmw1jcI_00.mp4,0,e:\Rads\Datasets\processed\picek_sorted\trimmed\negative\real\WagIvmw1jcI_00.mp4,test
YTOvt3Ac1z4_0_00.mp4,0,e:\Rads\Datasets\processed\picek_sorted\trimmed\negative\real\YTOvt3Ac1z4_0_00.mp4,test
pA_dEaPv-yk_00.mp4,0,e:\Rads\Datasets\processed\picek_sorted\trimmed\negative\real\pA_dEaPv-yk_00.mp4,test
RoaPLskRqF8_00.mp4,0,e:\Rads\Datasets\processed\picek_sorted\trimmed\negative\real\RoaPLskRqF8_00.mp4,test
aERiIg9Dts4_00.mp4,0,e:\Rads\Datasets\processed\picek_sorted\trimmed\negative\real\aERiIg9Dts4_00.mp4,test
2PtXKoTbv0c_00.mp4,0,e:\Rads\Datasets\processed\picek_sorted\trimmed\negative\real\2PtXKoTbv0c_00.mp4,test
5Vhz1P2k8Ds_00.mp4,0,e:\Rads\Datasets\processed\picek_sorted\trimmed\negative\real\5Vhz1P2k8Ds_00.mp4,test
ed96OpSybeQ_00.mp4,0,e:\Rads\Datasets\processed\picek_sorted\trimmed\negative\real\ed96OpSybeQ_00.mp4,test
OBYOHYWB8XE_00.mp4,0,e:\Rads\Datasets\processed\picek_sorted\trimmed\negative\real\OBYOHYWB8XE_00.mp4,test
