video_id,dataset_name,source_type,dataset_version,pipeline_version,original_path,processed_path,video_path_mode,validation_status,processing_status,preprocessing_status,type,accident_time,accident_frame,center_x,center_y,x1,y1,x2,y2,weather,no_frames,duration,height,width,fps,file_size_bytes,file_hash,annotation_available,split,split_in_distribution,split_geo_aware,rollover,region,scene_layout,day_time,quality,annotations_path,map,camera_position,annotations_start_offset,is_duplicate,duplicate_group_id,processed_at,media_type,metadata_source,weather_confidence,day_time_confidence,channels,codec,generated_at
,tudat,real,2.0,,Negative_Videos/v1.mov,,,,,,non-accident,,,,,,,,,,928.0,15.65,1358,2386,59.2971,40011739,,,,train,,,,,,,,,,,False,,,video,folder_structure,0.0713,0.2425,,h264,2026-07-23T17:18:22.295474+00:00
,tudat,real,2.0,,Negative_Videos/v11.mov,,,,,,non-accident,,,,,,,,,rain,263.0,4.75,1352,2392,55.3684,16541866,,,,train,,,,,,,,,,,False,,,video,folder_structure,0.447,0.286,,h264,2026-07-23T17:18:22.295474+00:00
,tudat,real,2.0,,Negative_Videos/v13.mov,,,,,,non-accident,,,,,,,,,,260.0,4.4833,1352,2392,57.9926,30818171,,,,train,,,,,,,,,,,False,,,video,folder_structure,0.3049,0.2604,,h264,2026-07-23T17:18:22.295474+00:00
,tudat,real,2.0,,Negative_Videos/v14.mov,,,,,,non-accident,,,,,,,,,,243.0,4.3167,1352,2392,56.2934,34981313,,,,train,,,,,,,,,,,False,,,video,folder_structure,0.3134,0.3219,,h264,2026-07-23T17:18:22.295474+00:00
,tudat,real,2.0,,Negative_Videos/v19.mov,,,,,,non-accident,,,,,,,,,,101.0,2.15,1352,2392,46.9767,8694112,,,,train,,,,,,,,,,,False,,,video,folder_structure,0.1534,0.2182,,h264,2026-07-23T17:18:22.295474+00:00
,tudat,real,2.0,,Negative_Videos/v2.mov,,,,,,non-accident,,,,,,,,,rain,174.0,3.1167,1336,2524,55.8289,6135654,,,,train,,,,,day,,,,,,False,,,video,folder_structure,0.5214,0.414,,h264,2026-07-23T17:18:22.295474+00:00
,tudat,real,2.0,,Negative_Videos/v20.mov,,,,,,non-accident,,,,,,,,,,297.0,5.4,1330,2390,55.0,17931944,,,,train,,,,,,,,,,,False,,,video,folder_structure,0.034,0.2605,,h264,2026-07-23T17:18:22.295474+00:00
,tudat,real,2.0,,Negative_Videos/v21.mov,,,,,,non-accident,,,,,,,,,,655.0,11.0167,1330,2390,59.4554,24223465,,,,train,,,,,,,,,,,False,,,video,folder_structure,0.271,0.2629,,h264,2026-07-23T17:18:22.295474+00:00
,tudat,real,2.0,,Negative_Videos/v23.mov,,,,,,non-accident,,,,,,,,,,253.0,4.4167,1330,2390,57.283,12653577,,,,train,,,,,,,,,,,False,,,video,folder_structure,0.1308,0.2359,,h264,2026-07-23T17:18:22.295474+00:00
,tudat,real,2.0,,Negative_Videos/v24.mov,,,,,,non-accident,,,,,,,,,,175.0,3.0833,1330,2390,56.7568,9099702,,,,train,,,,,,,,,,,False,,,video,folder_structure,0.0268,0.2657,,h264,2026-07-23T17:18:22.295474+00:00
,tudat,real,2.0,,Negative_Videos/v26.mov,,,,,,non-accident,,,,,,,,,,347.0,6.0833,1330,2390,57.0411,20241481,,,,train,,,,,,,,,,,False,,,video,folder_structure,0.0744,0.2119,,h264,2026-07-23T17:18:22.295474+00:00
,tudat,real,2.0,,Negative_Videos/v27.mov,,,,,,non-accident,,,,,,,,,,240.0,4.4167,1330,2390,54.3396,13801491,,,,train,,,,,,,,,,,False,,,video,folder_structure,0.0418,0.2509,,h264,2026-07-23T17:18:22.295474+00:00
,tudat,real,2.0,,Negative_Videos/v29.mov,,,,,,non-accident,,,,,,,,,,369.0,6.4833,1240,2370,56.9152,6585153,,,,train,,,,,,,,,,,False,,,video,folder_structure,0.3267,0.3176,,h264,2026-07-23T17:18:22.295474+00:00
,tudat,real,2.0,,Negative_Videos/v3.mov,,,,,,non-accident,,,,,,,,,,317.0,5.2833,1336,2524,60.0,13712534,,,,train,,,,,,,,,,,False,,,video,folder_structure,0.3592,0.2616,,h264,2026-07-23T17:18:22.295474+00:00
,tudat,real,2.0,,Negative_Videos/v30.mov,,,,,,non-accident,,,,,,,,,,1074.0,18.2833,1240,2370,58.742,23727578,,,,train,,,,,,,,,,,False,,,video,folder_structure,0.0049,0.2526,,h264,2026-07-23T17:18:22.295474+00:00
,tudat,real,2.0,,Negative_Videos/v31.mov,,,,,,non-accident,,,,,,,,,,73.0,1.6167,1240,2370,45.1546,3607058,,,,train,,,,,,,,,,,False,,,video,folder_structure,0.0313,0.3241,,h264,2026-07-23T17:18:22.295474+00:00
,tudat,real,2.0,,Negative_Videos/v34.mov,,,,,,non-accident,,,,,,,,,rain,97.0,1.65,1246,1786,58.7879,3518538,,,,train,,,,,,,,,,,False,,,video,folder_structure,0.4906,0.2705,,h264,2026-07-23T17:18:22.295474+00:00
,tudat,real,2.0,,Negative_Videos/v36.mov,,,,,,non-accident,,,,,,,,,,164.0,2.95,1236,2362,55.5932,3481490,,,,train,,,,,,,,,,,False,,,video,folder_structure,0.1211,0.3635,,h264,2026-07-23T17:18:22.295474+00:00
,tudat,real,2.0,,Negative_Videos/v37.mov,,,,,,non-accident,,,,,,,,,,163.0,3.0,1230,2366,54.3333,4414948,,,,train,,,,,,,,,,,False,,,video,folder_structure,0.0646,0.383,,h264,2026-07-23T17:18:22.295474+00:00
,tudat,real,2.0,,Negative_Videos/v38.mov,,,,,,non-accident,,,,,,,,,,174.0,3.2,1234,2368,54.375,4983326,,,,train,,,,,,,,,,,False,,,video,folder_structure,0.3142,0.3795,,h264,2026-07-23T17:18:22.295474+00:00
,tudat,real,2.0,,Negative_Videos/v39.mov,,,,,,non-accident,,,,,,,,,rain,134.0,2.35,1234,2368,57.0213,5169713,,,,train,,,,,day,,,,,,False,,,video,folder_structure,0.6139,0.4582,,h264,2026-07-23T17:18:22.295474+00:00
,tudat,real,2.0,,Negative_Videos/v4.mov,,,,,,non-accident,,,,,,,,,rain,91.0,1.5167,1332,2386,60.0,5046269,,,,train,,,,,,,,,,,False,,,video,folder_structure,0.4286,0.236,,h264,2026-07-23T17:18:22.295474+00:00
,tudat,real,2.0,,Negative_Videos/v40.mov,,,,,,non-accident,,,,,,,,,,191.0,3.3667,1242,2382,56.7327,5502169,,,,train,,,,,,,,,,,False,,,video,folder_structure,0.0756,0.2615,,h264,2026-07-23T17:18:22.295474+00:00
,tudat,real,2.0,,Negative_Videos/v43.mov,,,,,,non-accident,,,,,,,,,,305.0,5.35,1330,2390,57.0093,22712546,,,,train,,,,,,,,,,,False,,,video,folder_structure,0.2922,0.381,,h264,2026-07-23T17:18:22.295474+00:00
,tudat,real,2.0,,Negative_Videos/v44.mov,,,,,,non-accident,,,,,,,,,,125.0,2.3833,1240,2370,52.4476,4292505,,,,train,,,,,,,,,,,False,,,video,folder_structure,0.0154,0.068,,h264,2026-07-23T17:18:22.295474+00:00
,tudat,real,2.0,,Negative_Videos/v46.mov,,,,,,non-accident,,,,,,,,,rain,205.0,3.8833,1240,2370,52.7897,6542017,,,,train,,,,,,,,,,,False,,,video,folder_structure,0.5604,0.23,,h264,2026-07-23T17:18:22.295474+00:00
,tudat,real,2.0,,Negative_Videos/v47.mov,,,,,,non-accident,,,,,,,,,rain,228.0,4.0167,1246,1786,56.7635,6945293,,,,train,,,,,,,,,,,False,,,video,folder_structure,0.5981,0.243,,h264,2026-07-23T17:18:22.295474+00:00
,tudat,real,2.0,,Negative_Videos/v48.mov,,,,,,non-accident,,,,,,,,,rain,173.0,3.0667,1234,2354,56.413,2168661,,,,train,,,,,,,,,,,False,,,video,folder_structure,0.4313,0.2518,,h264,2026-07-23T17:18:22.295474+00:00
,tudat,real,2.0,,Negative_Videos/v49.mov,,,,,,non-accident,,,,,,,,,,248.0,4.55,1330,2390,54.5055,22820565,,,,train,,,,,,,,,,,False,,,video,folder_structure,0.0327,0.3796,,h264,2026-07-23T17:18:22.295474+00:00
,tudat,real,2.0,,Negative_Videos/v5.mov,,,,,,non-accident,,,,,,,,,,186.0,3.25,1332,2386,57.2308,12188670,,,,train,,,,,,,,,,,False,,,video,folder_structure,0.1211,0.165,,h264,2026-07-23T17:18:22.295474+00:00
,tudat,real,2.0,,Negative_Videos/v50.mov,,,,,,non-accident,,,,,,,,,,403.0,6.95,1330,2390,57.9856,24863486,,,,train,,,,,,,,,,,False,,,video,folder_structure,0.0101,0.2799,,h264,2026-07-23T17:18:22.295474+00:00
,tudat,real,2.0,,Negative_Videos/v51.mov,,,,,,non-accident,,,,,,,,,rain,248.0,4.2833,1332,2386,57.8988,24496308,,,,train,,,,,,,,,,,False,,,video,folder_structure,0.523,0.2729,,h264,2026-07-23T17:18:22.295474+00:00
,tudat,real,2.0,,Negative_Videos/v6.mov,,,,,,non-accident,,,,,,,,,,158.0,2.7833,1332,2386,56.7665,10823112,,,,train,,,,,,,,,,,False,,,video,folder_structure,0.2399,0.2436,,h264,2026-07-23T17:18:22.295474+00:00
,tudat,real,2.0,,Negative_Videos/v8.mov,,,,,,non-accident,,,,,,,,,rain,138.0,2.45,1332,2386,56.3265,8846414,,,,train,,,,,,,,,,,False,,,video,folder_structure,0.4863,0.1362,,h264,2026-07-23T17:18:22.295474+00:00
,tudat,real,2.0,,Positive_Vidoes/v10.mov,,,,,,accident,,,,,,,,,,732.0,12.6,1352,2392,58.0952,41977621,,,,train,,,,,,,,,,,False,,,video,folder_structure,0.2961,0.2296,,h264,2026-07-23T17:18:22.295474+00:00
,tudat,real,2.0,,Positive_Vidoes/v11.mov,,,,,,accident,,,,,,,,,rain,929.0,15.85,1352,2392,58.612,45825287,,,,train,,,,,,,,,,,False,,,video,folder_structure,0.5269,0.3063,,h264,2026-07-23T17:18:22.295474+00:00
,tudat,real,2.0,,Positive_Vidoes/v15.mov,,,,,,accident,,,,,,,,,,799.0,13.5,1352,2392,59.1852,57540250,,,,train,,,,,,,,,,,False,,,video,folder_structure,0.1256,0.2478,,h264,2026-07-23T17:18:22.295474+00:00
,tudat,real,2.0,,Positive_Vidoes/v16.mov,,,,,,accident,,,,,,,,,,1070.0,18.15,1352,2392,58.9532,66801361,,,,train,,,,,,,,,,,False,,,video,folder_structure,0.02,0.3305,,h264,2026-07-23T17:18:22.295474+00:00
,tudat,real,2.0,,Positive_Vidoes/v18.mov,,,,,,accident,,,,,,,,,rain,398.0,6.75,1352,2392,58.963,15735160,,,,train,,,,,,,,,,,False,,,video,folder_structure,0.4122,0.271,,h264,2026-07-23T17:18:22.295474+00:00
,tudat,real,2.0,,Positive_Vidoes/v19.mov,,,,,,accident,,,,,,,,,,249.0,4.6167,1352,2392,53.935,17241639,,,,train,,,,,,,,,,,False,,,video,folder_structure,0.1535,0.2168,,h264,2026-07-23T17:18:22.295474+00:00
,tudat,real,2.0,,Positive_Vidoes/v21.mov,,,,,,accident,,,,,,,,,,1047.0,17.55,1330,2390,59.6581,45039523,,,,train,,,,,,,,,,,False,,,video,folder_structure,0.3049,0.302,,h264,2026-07-23T17:18:22.295474+00:00
,tudat,real,2.0,,Positive_Vidoes/v22.mov,,,,,,accident,,,,,,,,,,438.0,7.4833,1330,2390,58.5301,28650646,,,,train,,,,,,,,,,,False,,,video,folder_structure,0.3511,0.2485,,h264,2026-07-23T17:18:22.295474+00:00
,tudat,real,2.0,,Positive_Vidoes/v24.mov,,,,,,accident,,,,,,,,,,511.0,8.7333,1330,2390,58.5115,26115997,,,,train,,,,,,,,,,,False,,,video,folder_structure,0.0264,0.2647,,h264,2026-07-23T17:18:22.295474+00:00
,tudat,real,2.0,,Positive_Vidoes/v25.mov,,,,,,accident,,,,,,,,,rain,893.0,14.95,1330,2390,59.7324,32163533,,,,train,,,,,,,,,,,False,,,video,folder_structure,0.5296,0.3454,,h264,2026-07-23T17:18:22.295474+00:00
,tudat,real,2.0,,Positive_Vidoes/v26.mov,,,,,,accident,,,,,,,,,,653.0,11.1833,1330,2390,58.3905,37159139,,,,train,,,,,,,,,,,False,,,video,folder_structure,0.073,0.2124,,h264,2026-07-23T17:18:22.295474+00:00
,tudat,real,2.0,,Positive_Vidoes/v28.mov,,,,,,accident,,,,,,,,,,383.0,6.5833,1330,2390,58.1772,24174019,,,,train,,,,,,,,,,,False,,,video,folder_structure,0.0763,0.1731,,h264,2026-07-23T17:18:22.295474+00:00
,tudat,real,2.0,,Positive_Vidoes/v29.mov,,,,,,accident,,,,,,,,,,831.0,14.1833,1240,2370,58.5899,22887493,,,,train,,,,,,,,,,,False,,,video,folder_structure,0.1678,0.3288,,h264,2026-07-23T17:18:22.295474+00:00
,tudat,real,2.0,,Positive_Vidoes/v3.mov,,,,,,accident,,,,,,,,,,855.0,14.25,1336,2524,60.0,36121754,,,,train,,,,,,,,,,,False,,,video,folder_structure,0.3552,0.2619,,h264,2026-07-23T17:18:22.295474+00:00
,tudat,real,2.0,,Positive_Vidoes/v31.mov,,,,,,accident,,,,,,,,,,423.0,7.45,1240,2370,56.7785,16283225,,,,train,,,,,,,,,,,False,,,video,folder_structure,0.0325,0.3273,,h264,2026-07-23T17:18:22.295474+00:00
,tudat,real,2.0,,Positive_Vidoes/v33.mov,,,,,,accident,,,,,,,,,rain,258.0,4.35,1246,1786,59.3103,9138507,,,,train,,,,,,,,,,,False,,,video,folder_structure,0.4536,0.2056,,h264,2026-07-23T17:18:22.295474+00:00
,tudat,real,2.0,,Positive_Vidoes/v36.mov,,,,,,accident,,,,,,,,,,330.0,5.7333,1236,2362,57.5581,10874419,,,,train,,,,,,,,,,,False,,,video,folder_structure,0.0507,0.3603,,h264,2026-07-23T17:18:22.295474+00:00
,tudat,real,2.0,,Positive_Vidoes/v37.mov,,,,,,accident,,,,,,,,,,289.0,5.1,1230,2366,56.6667,10926894,,,,train,,,,,,,,,,,False,,,video,folder_structure,0.057,0.3899,,h264,2026-07-23T17:18:22.295474+00:00
,tudat,real,2.0,,Positive_Vidoes/v38.mov,,,,,,accident,,,,,,,,,,310.0,5.5,1234,2368,56.3636,12200732,,,,train,,,,,,,,,,,False,,,video,folder_structure,0.3111,0.3931,,h264,2026-07-23T17:18:22.295474+00:00
,tudat,real,2.0,,Positive_Vidoes/v39.mov,,,,,,accident,,,,,,,,,rain,280.0,4.7833,1234,2368,58.5366,10606921,,,,train,,,,,day,,,,,,False,,,video,folder_structure,0.6101,0.4597,,h264,2026-07-23T17:18:22.295474+00:00
,tudat,real,2.0,,Positive_Vidoes/v40.mov,,,,,,accident,,,,,,,,,,331.0,5.6833,1242,2382,58.2405,15305207,,,,train,,,,,,,,,,,False,,,video,folder_structure,0.0734,0.2743,,h264,2026-07-23T17:18:22.295474+00:00
,tudat,real,2.0,,Positive_Vidoes/v42.mov,,,,,,accident,,,,,,,,,,238.0,6.6517,524,888,35.7805,2208436,,,,train,,,,,,,,,,,False,,,video,folder_structure,0.1046,0.278,,hevc,2026-07-23T17:18:22.295474+00:00
,tudat,real,2.0,,Positive_Vidoes/v43.mov,,,,,,accident,,,,,,,,,,695.0,11.85,1330,2390,58.6498,48282750,,,,train,,,,,,,,,,,False,,,video,folder_structure,0.2941,0.3814,,h264,2026-07-23T17:18:22.295474+00:00
,tudat,real,2.0,,Positive_Vidoes/v44.mov,,,,,,accident,,,,,,,,,,687.0,11.75,1240,2370,58.4681,18881187,,,,train,,,,,,,,,,,False,,,video,folder_structure,0.0095,0.0594,,h264,2026-07-23T17:18:22.295474+00:00
,tudat,real,2.0,,Positive_Vidoes/v46.mov,,,,,,accident,,,,,,,,,rain,407.0,6.85,1246,1786,59.4161,10702613,,,,train,,,,,,,,,,,False,,,video,folder_structure,0.5235,0.2718,,h264,2026-07-23T17:18:22.295474+00:00
,tudat,real,2.0,,Positive_Vidoes/v48.mov,,,,,,accident,,,,,,,,,rain,735.0,12.4333,1234,2354,59.1153,14033717,,,,train,,,,,,,,,,,False,,,video,folder_structure,0.4113,0.2597,,h264,2026-07-23T17:18:22.295474+00:00
,tudat,real,2.0,,Positive_Vidoes/v49.mov,,,,,,accident,,,,,,,,,,658.0,11.3833,1330,2390,57.8038,54999418,,,,train,,,,,,,,,,,False,,,video,folder_structure,0.0003,0.3481,,h264,2026-07-23T17:18:22.295474+00:00
,tudat,real,2.0,,Positive_Vidoes/v50.mov,,,,,,accident,,,,,,,,,,957.0,16.2167,1330,2390,59.0134,69707148,,,,train,,,,,,,,,,,False,,,video,folder_structure,0.0062,0.2993,,h264,2026-07-23T17:18:22.295474+00:00
,tudat,real,2.0,,Positive_Vidoes/v51.mov,,,,,,accident,,,,,,,,,rain,658.0,11.1167,1332,2386,59.1904,48161004,,,,train,,,,,,,,,,,False,,,video,folder_structure,0.5096,0.2758,,h264,2026-07-23T17:18:22.295474+00:00
,tudat,real,2.0,,Positive_Vidoes/v6.mov,,,,,,accident,,,,,,,,,,686.0,11.5833,1332,2386,59.223,47980397,,,,train,,,,,,,,,,,False,,,video,folder_structure,0.2409,0.2437,,h264,2026-07-23T17:18:22.295474+00:00
,tudat,real,2.0,,Positive_Vidoes/v8.mov,,,,,,accident,,,,,,,,,rain,470.0,7.9833,1332,2386,58.8727,25892149,,,,train,,,,,,,,,,,False,,,video,folder_structure,0.4638,0.145,,h264,2026-07-23T17:18:22.295474+00:00
,tudat,real,2.0,,Negative_Videos/v10.mov,,,,,,non-accident,,,,,,,,,,330.0,5.8833,1352,2392,56.0907,21120888,,,,val,,,,,,,,,,,False,,,video,folder_structure,0.2997,0.2263,,h264,2026-07-23T17:18:22.295474+00:00
,tudat,real,2.0,,Negative_Videos/v12.mov,,,,,,non-accident,,,,,,,,,rain,139.0,2.35,1352,2392,59.1489,8271323,,,,val,,,,,,,,,,,False,,,video,folder_structure,0.5431,0.2259,,h264,2026-07-23T17:18:22.295474+00:00
,tudat,real,2.0,,Negative_Videos/v18.mov,,,,,,non-accident,,,,,,,,,rain,200.0,3.45,1352,2392,57.971,7833354,,,,val,,,,,,,,,,,False,,,video,folder_structure,0.4079,0.2697,,h264,2026-07-23T17:18:22.295474+00:00
,tudat,real,2.0,,Negative_Videos/v28.mov,,,,,,non-accident,,,,,,,,,,91.0,1.7167,1330,2390,53.0097,7248655,,,,val,,,,,,,,,,,False,,,video,folder_structure,0.0719,0.183,,h264,2026-07-23T17:18:22.295474+00:00
,tudat,real,2.0,,Negative_Videos/v33.mov,,,,,,non-accident,,,,,,,,,rain,72.0,1.25,1246,1786,57.6,2362335,,,,val,,,,,,,,,,,False,,,video,folder_structure,0.4721,0.2058,,h264,2026-07-23T17:18:22.295474+00:00
,tudat,real,2.0,,Negative_Videos/v35.mov,,,,,,non-accident,,,,,,,,,,28.0,0.4833,1246,1786,57.931,594107,,,,val,,,,,,,,,,,False,,,video,folder_structure,0.3074,0.1444,,h264,2026-07-23T17:18:22.295474+00:00
,tudat,real,2.0,,Negative_Videos/v42.mov,,,,,,non-accident,,,,,,,,,,44.0,1.2583,524,888,34.9669,606002,,,,val,,,,,,,,,,,False,,,video,folder_structure,0.1672,0.2806,,hevc,2026-07-23T17:18:22.295474+00:00
,tudat,real,2.0,,Positive_Vidoes/v12.mov,,,,,,accident,,,,,,,,,rain,519.0,8.6833,1352,2392,59.7697,27802575,,,,val,,,,,,,,,,,False,,,video,folder_structure,0.5356,0.2265,,h264,2026-07-23T17:18:22.295474+00:00
,tudat,real,2.0,,Positive_Vidoes/v2.mov,,,,,,accident,,,,,,,,,rain,262.0,4.5833,1336,2524,57.1636,8952782,,,,val,,,,,day,,,,,,False,,,video,folder_structure,0.5612,0.4292,,h264,2026-07-23T17:18:22.295474+00:00
,tudat,real,2.0,,Positive_Vidoes/v30.mov,,,,,,accident,,,,,,,,,,1432.0,24.25,1240,2370,59.0515,34185004,,,,val,,,,,,,,,,,False,,,video,folder_structure,0.006,0.2482,,h264,2026-07-23T17:18:22.295474+00:00
,tudat,real,2.0,,Positive_Vidoes/v35.mov,,,,,,accident,,,,,,,,,,172.0,2.8833,1246,1786,59.6532,3443024,,,,val,,,,,,,,,,,False,,,video,folder_structure,0.2921,0.1471,,h264,2026-07-23T17:18:22.295474+00:00
,tudat,real,2.0,,Positive_Vidoes/v4.mov,,,,,,accident,,,,,,,,,,529.0,8.8167,1332,2386,60.0,35471573,,,,val,,,,,,,,,,,False,,,video,folder_structure,0.3026,0.2256,,h264,2026-07-23T17:18:22.295474+00:00
,tudat,real,2.0,,Positive_Vidoes/v45.mov,,,,,,accident,,,,,,,,,rain,747.0,12.9167,1240,2370,57.8323,20096015,,,,val,,,,,,,,,,,False,,,video,folder_structure,0.5782,0.2378,,h264,2026-07-23T17:18:22.295474+00:00
,tudat,real,2.0,,Negative_Videos/v15.mov,,,,,,non-accident,,,,,,,,,,309.0,5.25,1352,2392,58.8571,23456486,,,,test,,,,,,,,,,,False,,,video,folder_structure,0.1195,0.2419,,h264,2026-07-23T17:18:22.295474+00:00
,tudat,real,2.0,,Negative_Videos/v16.mov,,,,,,non-accident,,,,,,,,,,52.0,1.1833,1352,2392,43.9437,3585507,,,,test,,,,,,,,,,,False,,,video,folder_structure,0.0271,0.318,,h264,2026-07-23T17:18:22.295474+00:00
,tudat,real,2.0,,Negative_Videos/v22.mov,,,,,,non-accident,,,,,,,,,,168.0,2.9833,1330,2390,56.3128,11658645,,,,test,,,,,,,,,,,False,,,video,folder_structure,0.3357,0.2503,,h264,2026-07-23T17:18:22.295474+00:00
,tudat,real,2.0,,Negative_Videos/v25.mov,,,,,,non-accident,,,,,,,,,rain,407.0,6.85,1330,2390,59.4161,13708000,,,,test,,,,,,,,,,,False,,,video,folder_structure,0.5316,0.346,,h264,2026-07-23T17:18:22.295474+00:00
,tudat,real,2.0,,Negative_Videos/v32.mov,,,,,,non-accident,,,,,,,,,,290.0,5.1,1246,1786,56.8627,5918833,,,,test,,,,,,,,,,,False,,,video,folder_structure,0.1316,0.1477,,h264,2026-07-23T17:18:22.295474+00:00
,tudat,real,2.0,,Negative_Videos/v41.mov,,,,,,non-accident,,,,,,,,,,875.0,14.7667,1344,2398,59.2551,29427970,,,,test,,,,,,,,,,,False,,,video,folder_structure,0.056,0.0381,,h264,2026-07-23T17:18:22.295474+00:00
,tudat,real,2.0,,Negative_Videos/v7.mov,,,,,,non-accident,,,,,,,,,,257.0,4.4333,1332,2386,57.9699,17588079,,,,test,,,,,,,,,,,False,,,video,folder_structure,0.1118,0.3698,,h264,2026-07-23T17:18:22.295474+00:00
,tudat,real,2.0,,Negative_Videos/v9.mov,,,,,,non-accident,,,,,,,,,,226.0,4.15,1332,2386,54.4578,11720279,,,,test,,,,,,,,,,,False,,,video,folder_structure,0.0565,0.1306,,h264,2026-07-23T17:18:22.295474+00:00
,tudat,real,2.0,,Positive_Vidoes/v23.mov,,,,,,accident,,,,,,,,,,575.0,9.7833,1330,2390,58.7734,30470721,,,,test,,,,,,,,,,,False,,,video,folder_structure,0.1376,0.2366,,h264,2026-07-23T17:18:22.295474+00:00
,tudat,real,2.0,,Positive_Vidoes/v27.mov,,,,,,accident,,,,,,,,,,588.0,10.2167,1330,2390,57.553,31723996,,,,test,,,,,,,,,,,False,,,video,folder_structure,0.0424,0.2465,,h264,2026-07-23T17:18:22.295474+00:00
,tudat,real,2.0,,Positive_Vidoes/v32.mov,,,,,,accident,,,,,,,,,,806.0,13.7,1246,1786,58.8321,22270345,,,,test,,,,,,,,,,,False,,,video,folder_structure,0.1266,0.0585,,h264,2026-07-23T17:18:22.295474+00:00
,tudat,real,2.0,,Positive_Vidoes/v34.mov,,,,,,accident,,,,,,,,,rain,247.0,4.15,1246,1786,59.5181,8701613,,,,test,,,,,,,,,,,False,,,video,folder_structure,0.484,0.2708,,h264,2026-07-23T17:18:22.295474+00:00
,tudat,real,2.0,,Positive_Vidoes/v47.mov,,,,,,accident,,,,,,,,,rain,544.0,9.2833,1246,1786,58.5996,16395460,,,,test,,,,,,,,,,,False,,,video,folder_structure,0.5578,0.2384,,h264,2026-07-23T17:18:22.295474+00:00
,tudat,real,2.0,,Positive_Vidoes/v5.mov,,,,,,accident,,,,,,,,,,678.0,11.4833,1332,2386,59.0421,41527045,,,,test,,,,,,,,,,,False,,,video,folder_structure,0.1221,0.1651,,h264,2026-07-23T17:18:22.295474+00:00
,tudat,real,2.0,,Positive_Vidoes/v9.mov,,,,,,accident,,,,,,,,,,480.0,8.3833,1332,2386,57.2565,23708190,,,,test,,,,,,,,,,,False,,,video,folder_structure,0.0583,0.1332,,h264,2026-07-23T17:18:22.295474+00:00
